water_year,lagoslakeid,res_time_yr,total_Pin_ugl,totTNload_gm2yr,TN_removal_gNm2yr,Pret_coef,lake_lon_decdeg,lake_lat_decdeg
2001,328600,0.929041113,53.16486713,845.732237,180703.39,17.73248467,-106.7887016,45.08482165
2002,328600,0.929041113,57.92901754,779.3641053,154864.6291,19.16701926,-106.7887016,45.08482165
2003,328600,0.929041113,94.68222038,3288.440499,2346920.343,29.82415805,-106.7887016,45.08482165
2004,328600,0.929041113,48.83927143,672.9272528,117366.0608,16.41618369,-106.7887016,45.08482165
2005,328600,0.929041113,115.3286106,4478.410826,4204935.125,35.57518785,-106.7887016,45.08482165
2006,328600,0.929041113,62.32419739,1013.148605,254138.7662,20.47756581,-106.7887016,45.08482165
2007,328600,0.929041113,129.7677324,6458.626353,8394618.943,39.52169648,-106.7887016,45.08482165
2008,328600,0.929041113,126.0938775,6639.922131,8845075.053,38.52286456,-106.7887016,45.08482165
2009,328600,0.929041113,90.65972442,3668.706947,2885542.861,28.68673009,-106.7887016,45.08482165
2010,328600,0.929041113,112.0247613,4481.183499,4209851.929,34.66395364,-106.7887016,45.08482165
2011,328600,0.929041113,146.9311595,9149.211837,16201934.55,44.14423637,-106.7887016,45.08482165
2012,328600,0.929041113,73.99797379,1999.796866,917607.0203,23.90561058,-106.7887016,45.08482165
2013,328600,0.929041113,81.54750687,1702.857064,677409.7625,26.08671338,-106.7887016,45.08482165
2014,328600,0.929041113,110.5158517,5189.215043,5553374.106,34.24669773,-106.7887016,45.08482165
2015,328600,0.929041113,118.0923666,4180.158211,3691863.089,36.33501853,-106.7887016,45.08482165
2001,336493,3.878356097,29.96215411,48.88511814,830.5540007,7.281204483,-103.5208342,44.07978478
2002,336493,3.878356097,30.91980368,39.40755235,552.8981479,7.497231216,-103.5208342,44.07978478
2003,336493,3.878356097,38.06567354,32.55681923,385.5220427,9.084428036,-103.5208342,44.07978478
2004,336493,3.878356097,18.20427208,17.16850621,115.1656254,4.544439392,-103.5208342,44.07978478
2005,336493,3.878356097,15.89504767,12.36496795,61.97138376,3.98314283,-103.5208342,44.07978478
2006,336493,3.878356097,17.19627174,14.74136133,86.36523038,4.300652204,-103.5208342,44.07978478
2007,336493,3.878356097,15.06654628,11.28806262,52.17608929,3.779202613,-103.5208342,44.07978478
2008,336493,3.878356097,14.69149572,11.64662945,55.34951154,3.686396277,-103.5208342,44.07978478
2009,336493,3.878356097,19.0999068,20.10229666,155.1257655,4.759572427,-103.5208342,44.07978478
2010,336493,3.878356097,30.51119067,32.62065105,386.9504495,7.405161182,-103.5208342,44.07978478
2011,336493,3.878356097,35.92435179,51.90002652,929.9119463,8.613085257,-103.5208342,44.07978478
2012,336493,3.878356097,17.89982767,28.93601961,308.5826337,4.470999527,-103.5208342,44.07978478
2013,336493,3.878356097,14.17426964,19.15277658,141.5816961,3.557888221,-103.5208342,44.07978478
2014,336493,3.878356097,16.63707153,25.87083036,249.7785823,4.164604783,-103.5208342,44.07978478
2015,336493,3.878356097,21.16360343,36.05542371,467.4627263,5.250408245,-103.5208342,44.07978478
2010,341691,1.140274006,124.2560607,446.7245068,54149.25836,36.33441969,-102.2712718,45.77836485
2011,341691,1.140274006,129.1255529,1717.107344,688153.0343,37.60106312,-102.2712718,45.77836485
2012,341691,1.140274006,74.35644484,107.2030548,3658.257658,22.94418432,-102.2712718,45.77836485
2013,341691,1.140274006,91.19593051,386.2532007,41145.69042,27.55879959,-102.2712718,45.77836485
2014,341691,1.140274006,86.53671087,1553.348505,569505.5078,26.29332897,-102.2712718,45.77836485
2015,341691,1.140274006,74.77265351,390.6169864,42027.79009,23.05968115,-102.2712718,45.77836485
2001,360319,0.025205479,54.66574802,137.1493488,5824.75664,28.93093567,-105.3274898,39.63203338
2002,360319,0.025205479,54.31469897,67.8355346,1541.738284,28.76238569,-105.3274898,39.63203338
2003,360319,0.025205479,42.27865875,138.4984158,5933.409022,22.89434439,-105.3274898,39.63203338
2004,360319,0.025205479,39.20929276,116.6581538,4291.244645,21.36643652,-105.3274898,39.63203338
2005,360319,0.025205479,34.96318394,116.5475243,4283.564215,19.22765976,-105.3274898,39.63203338
2006,360319,0.025205479,33.3285703,61.97804635,1300.049203,18.39577845,-105.3274898,39.63203338
2007,360319,0.025205479,26.53472155,137.0328728,5815.420093,14.87930406,-105.3274898,39.63203338
2008,360319,0.025205479,26.28650127,59.25807073,1194.427044,14.74881128,-105.3274898,39.63203338
2009,360319,0.025205479,23.35284153,51.6647226,921.967611,13.19413827,-105.3274898,39.63203338
2010,360319,0.025205479,20.57719682,49.26408532,842.752724,11.69994474,-105.3274898,39.63203338
2011,360319,0.025205479,19.09117747,34.67188315,434.172029,10.88941836,-105.3274898,39.63203338
2012,360319,0.025205479,17.79296991,25.6196535,245.2195059,10.17459832,-105.3274898,39.63203338
2013,360319,0.025205479,12.36669163,52.76603121,959.4259503,7.103959837,-105.3274898,39.63203338
2014,360319,0.025205479,12.56266008,44.43789337,693.6747703,7.217621607,-105.3274898,39.63203338
2015,360319,0.025205479,9.956975571,74.72772474,1850.793477,5.684662428,-105.3274898,39.63203338
2005,361058,1.565753425,12.20037868,58.31415491,1158.758102,3.90593212,-105.0665441,39.55037301
2006,361058,1.565753425,12.27986682,67.36642326,1521.669418,3.931693766,-105.0665441,39.55037301
2007,361058,1.565753425,12.46963778,90.34760289,2648.529887,3.993106368,-105.0665441,39.55037301
2008,361058,1.565753425,12.40714463,82.03281415,2207.180541,3.972896767,-105.0665441,39.55037301
2009,361058,1.565753425,12.47822582,100.4764048,3236.956,3.995882572,-105.0665441,39.55037301
2010,361058,1.565753425,12.32042118,86.55350778,2442.448999,3.944828481,-105.0665441,39.55037301
2011,361058,1.565753425,12.86233853,189.0250277,10674.34244,4.11979114,-105.0665441,39.55037301
2012,361058,1.565753425,11.79852609,69.19392654,1600.548119,3.775341217,-105.0665441,39.55037301
2013,361058,1.565753425,12.39209521,139.2116031,5991.229856,3.968027893,-105.0665441,39.55037301
2014,361058,1.565753425,12.69622688,263.0073772,19915.41255,4.066268457,-105.0665441,39.55037301
2015,361058,1.565753425,12.64405475,245.0521412,17426.34178,4.049438648,-105.0665441,39.55037301
2014,367842,1.804657568,79.77851641,413.8958537,46881.74761,21.89493266,-101.109519,40.15757241
2001,447960,0.460273973,325.0118836,3371.211449,2459702.033,102.4802837,-104.3855385,34.6184322
2002,447960,0.460273973,76.11394176,670.8367849,116678.6001,28.15370495,-104.3855385,34.6184322
2003,447960,0.460273973,131.7358095,1364.914812,446123.1738,45.99211126,-104.3855385,34.6184322
2004,447960,0.460273973,186.691203,2376.057566,1270639.303,62.70954452,-104.3855385,34.6184322
2005,447960,0.460273973,143.2529962,1691.836322,669155.7823,49.55622767,-104.3855385,34.6184322
2006,447960,0.460273973,145.0694671,2718.222311,1638103.636,50.11511049,-104.3855385,34.6184322
2007,447960,0.460273973,146.7181594,2503.601522,1402484.848,50.62163715,-104.3855385,34.6184322
2008,447960,0.460273973,140.6711029,2389.695489,1284444.684,48.76035922,-104.3855385,34.6184322
2009,447960,0.460273973,109.0401737,1528.926431,552717.5988,38.85321643,-104.3855385,34.6184322
2010,447960,0.460273973,108.8492401,1560.376434,574380.3153,38.79243637,-104.3855385,34.6184322
2011,447960,0.460273973,58.32204433,533.1084736,75605.68164,22.14295819,-104.3855385,34.6184322
2012,447960,0.460273973,35.11795372,244.4925911,17351.28746,13.93462085,-104.3855385,34.6184322
2013,447960,0.460273973,165.0923011,88.71344586,2558.806245,56.2218929,-104.3855385,34.6184322
2014,447960,0.460273973,77.14695924,450.5300118,55023.50466,28.49698645,-104.3855385,34.6184322
2015,447960,0.460273973,56.78766292,218.02248,13975.60137,21.61480373,-104.3855385,34.6184322
2001,449543,2.882739592,12.83943286,106.7513258,3629.206654,3.507042401,-106.0521192,39.59961146
2002,449543,2.882739592,7.68590205,25.70313688,246.730418,2.045073963,-106.0521192,39.59961146
2003,449543,2.882739592,10.7312088,97.63578829,3066.339022,2.92121833,-106.0521192,39.59961146
2004,449543,2.882739592,6.680804743,27.07385521,272.1611793,1.745616651,-106.0521192,39.59961146
2005,449543,2.882739592,7.75678491,46.41398384,753.0653191,2.065968621,-106.0521192,39.59961146
2006,449543,2.882739592,9.354977814,83.08614687,2260.996794,2.530319627,-106.0521192,39.59961146
2007,449543,2.882739592,10.53863338,108.191722,3722.219523,2.866959562,-106.0521192,39.59961146
2008,449543,2.882739592,10.48110484,86.11120988,2418.936519,2.850724238,-106.0521192,39.59961146
2009,449543,2.882739592,12.40500479,108.0505619,3713.055256,3.387470693,-106.0521192,39.59961146
2010,449543,2.882739592,13.72949138,101.1640119,3278.908713,3.750343776,-106.0521192,39.59961146
2011,449543,2.882739592,20.65863944,295.9901291,24892.43645,5.582629558,-106.0521192,39.59961146
2012,449543,2.882739592,15.97175158,71.59105874,1706.850778,4.354285248,-106.0521192,39.59961146
2013,449543,2.882739592,27.3662517,195.2443543,11347.14321,7.28020879,-106.0521192,39.59961146
2014,449543,2.882739592,44.75397396,542.6672313,78185.63444,11.46386212,-106.0521192,39.59961146
2015,449543,2.882739592,58.17038814,629.2459432,103397.0607,14.54891235,-106.0521192,39.59961146
2001,450041,1.238904143,15.27452223,122.1919206,4683.669063,5.167486123,-106.5802688,38.83550291
2002,450041,1.238904143,13.38141874,68.32328209,1562.735516,4.532279305,-106.5802688,38.83550291
2003,450041,1.238904143,15.65326651,120.3551634,4551.626259,5.293272014,-106.5802688,38.83550291
2004,450041,1.238904143,15.03974982,112.0130051,3974.333294,5.089307951,-106.5802688,38.83550291
2005,450041,1.238904143,15.82126738,144.8946634,6461.387028,5.348937853,-106.5802688,38.83550291
2006,450041,1.238904143,15.44988962,134.9004013,5645.730266,5.225778659,-106.5802688,38.83550291
2007,450041,1.238904143,14.99650609,140.7465776,6116.570417,5.074890381,-106.5802688,38.83550291
2008,450041,1.238904143,17.33951061,227.2174682,15109.2952,5.848572293,-106.5802688,38.83550291
2009,450041,1.238904143,16.9017621,189.3675169,10710.88908,5.705128134,-106.5802688,38.83550291
2010,450041,1.238904143,15.77296543,139.2609353,5995.239162,5.332941403,-106.5802688,38.83550291
2011,450041,1.238904143,16.95683346,206.615426,12627.12734,5.723200839,-106.5802688,38.83550291
2012,450041,1.238904143,13.66104409,77.02641887,1959.754821,4.626823435,-106.5802688,38.83550291
2013,450041,1.238904143,15.19354268,107.5473303,3680.471397,5.140538429,-106.5802688,38.83550291
2014,450041,1.238904143,16.39059356,180.1158116,9744.331139,5.537005117,-106.5802688,38.83550291
2015,450041,1.238904143,15.84794998,169.1627863,8655.784131,5.357771722,-106.5802688,38.83550291
2001,450098,0.55890411,91.32400518,1933.289711,860839.6106,31.99718603,-107.2113066,38.47141656
2001,450098,0.55890411,91.32400518,1933.289711,860839.6106,31.99718603,-107.2113066,38.47141656
2001,450098,0.55890411,91.32400518,1933.289711,860839.6106,31.99718603,-107.2113066,38.47141656
2001,450098,0.55890411,91.32400518,1933.289711,860839.6106,31.99718603,-107.2113066,38.47141656
2002,450098,0.55890411,67.99469557,670.6334449,116611.8322,24.54698718,-107.2113066,38.47141656
2002,450098,0.55890411,67.99469557,670.6334449,116611.8322,24.54698718,-107.2113066,38.47141656
2002,450098,0.55890411,67.99469557,670.6334449,116611.8322,24.54698718,-107.2113066,38.47141656
2002,450098,0.55890411,67.99469557,670.6334449,116611.8322,24.54698718,-107.2113066,38.47141656
2003,450098,0.55890411,87.87573631,1556.221564,571495.9959,30.91224524,-107.2113066,38.47141656
2003,450098,0.55890411,87.87573631,1556.221564,571495.9959,30.91224524,-107.2113066,38.47141656
2003,450098,0.55890411,87.87573631,1556.221564,571495.9959,30.91224524,-107.2113066,38.47141656
2003,450098,0.55890411,87.87573631,1556.221564,571495.9959,30.91224524,-107.2113066,38.47141656
2004,450098,0.55890411,87.13636214,1465.240393,510052.8411,30.67894214,-107.2113066,38.47141656
2004,450098,0.55890411,87.13636214,1465.240393,510052.8411,30.67894214,-107.2113066,38.47141656
2004,450098,0.55890411,87.13636214,1465.240393,510052.8411,30.67894214,-107.2113066,38.47141656
2004,450098,0.55890411,87.13636214,1465.240393,510052.8411,30.67894214,-107.2113066,38.47141656
2005,450098,0.55890411,97.92017325,2385.447593,1280137.105,34.0588261,-107.2113066,38.47141656
2005,450098,0.55890411,97.92017325,2385.447593,1280137.105,34.0588261,-107.2113066,38.47141656
2005,450098,0.55890411,97.92017325,2385.447593,1280137.105,34.0588261,-107.2113066,38.47141656
2005,450098,0.55890411,97.92017325,2385.447593,1280137.105,34.0588261,-107.2113066,38.47141656
2006,450098,0.55890411,94.35839441,2275.533471,1171049.447,32.94776944,-107.2113066,38.47141656
2006,450098,0.55890411,94.35839441,2275.533471,1171049.447,32.94776944,-107.2113066,38.47141656
2006,450098,0.55890411,94.35839441,2275.533471,1171049.447,32.94776944,-107.2113066,38.47141656
2006,450098,0.55890411,94.35839441,2275.533471,1171049.447,32.94776944,-107.2113066,38.47141656
2007,450098,0.55890411,94.01838066,2167.436661,1068234.004,32.84144112,-107.2113066,38.47141656
2007,450098,0.55890411,94.01838066,2167.436661,1068234.004,32.84144112,-107.2113066,38.47141656
2007,450098,0.55890411,94.01838066,2167.436661,1068234.004,32.84144112,-107.2113066,38.47141656
2007,450098,0.55890411,94.01838066,2167.436661,1068234.004,32.84144112,-107.2113066,38.47141656
2008,450098,0.55890411,130.1482168,4866.357366,4919067.578,43.9095188,-107.2113066,38.47141656
2008,450098,0.55890411,130.1482168,4866.357366,4919067.578,43.9095188,-107.2113066,38.47141656
2008,450098,0.55890411,130.1482168,4866.357366,4919067.578,43.9095188,-107.2113066,38.47141656
2008,450098,0.55890411,130.1482168,4866.357366,4919067.578,43.9095188,-107.2113066,38.47141656
2009,450098,0.55890411,115.9059727,3444.342438,2561417.654,39.59796743,-107.2113066,38.47141656
2009,450098,0.55890411,115.9059727,3444.342438,2561417.654,39.59796743,-107.2113066,38.47141656
2009,450098,0.55890411,115.9059727,3444.342438,2561417.654,39.59796743,-107.2113066,38.47141656
2009,450098,0.55890411,115.9059727,3444.342438,2561417.654,39.59796743,-107.2113066,38.47141656
2010,450098,0.55890411,94.77565544,2052.111652,963456.6649,33.07819047,-107.2113066,38.47141656
2010,450098,0.55890411,94.77565544,2052.111652,963456.6649,33.07819047,-107.2113066,38.47141656
2010,450098,0.55890411,94.77565544,2052.111652,963456.6649,33.07819047,-107.2113066,38.47141656
2010,450098,0.55890411,94.77565544,2052.111652,963456.6649,33.07819047,-107.2113066,38.47141656
2011,450098,0.55890411,112.7485805,4012.981319,3418043.35,38.63363564,-107.2113066,38.47141656
2011,450098,0.55890411,112.7485805,4012.981319,3418043.35,38.63363564,-107.2113066,38.47141656
2011,450098,0.55890411,112.7485805,4012.981319,3418043.35,38.63363564,-107.2113066,38.47141656
2011,450098,0.55890411,112.7485805,4012.981319,3418043.35,38.63363564,-107.2113066,38.47141656
2012,450098,0.55890411,66.22614718,701.0383865,126794.7784,23.97048902,-107.2113066,38.47141656
2012,450098,0.55890411,66.22614718,701.0383865,126794.7784,23.97048902,-107.2113066,38.47141656
2012,450098,0.55890411,66.22614718,701.0383865,126794.7784,23.97048902,-107.2113066,38.47141656
2012,450098,0.55890411,66.22614718,701.0383865,126794.7784,23.97048902,-107.2113066,38.47141656
2013,450098,0.55890411,78.50243132,1251.111406,378499.9261,27.93600734,-107.2113066,38.47141656
2013,450098,0.55890411,78.50243132,1251.111406,378499.9261,27.93600734,-107.2113066,38.47141656
2013,450098,0.55890411,78.50243132,1251.111406,378499.9261,27.93600734,-107.2113066,38.47141656
2013,450098,0.55890411,78.50243132,1251.111406,378499.9261,27.93600734,-107.2113066,38.47141656
2014,450098,0.55890411,113.0783528,3988.440115,3378683.397,38.73450701,-107.2113066,38.47141656
2014,450098,0.55890411,113.0783528,3988.440115,3378683.397,38.73450701,-107.2113066,38.47141656
2014,450098,0.55890411,113.0783528,3988.440115,3378683.397,38.73450701,-107.2113066,38.47141656
2014,450098,0.55890411,113.0783528,3988.440115,3378683.397,38.73450701,-107.2113066,38.47141656
2015,450098,0.55890411,102.1262054,3435.607489,2549166.568,35.36453006,-107.2113066,38.47141656
2015,450098,0.55890411,102.1262054,3435.607489,2549166.568,35.36453006,-107.2113066,38.47141656
2015,450098,0.55890411,102.1262054,3435.607489,2549166.568,35.36453006,-107.2113066,38.47141656
2015,450098,0.55890411,102.1262054,3435.607489,2549166.568,35.36453006,-107.2113066,38.47141656
2001,453515,1.572328834,5.55665635,84.0618149,2311.388692,1.642986108,-107.5536422,37.39082227
2002,453515,1.572328834,3.708473829,14.89473142,88.06963466,0.952256246,-107.5536422,37.39082227
2003,453515,1.572328834,4.716985322,40.82564187,591.0639833,1.334661809,-107.5536422,37.39082227
2004,453515,1.572328834,5.113936274,59.04361395,1186.278447,1.481407992,-107.5536422,37.39082227
2005,453515,1.572328834,6.347997328,116.9744638,4313.240114,1.927014986,-107.5536422,37.39082227
2006,453515,1.572328834,4.959934078,58.38856859,1161.551592,1.424697618,-107.5536422,37.39082227
2007,453515,1.572328834,5.907183986,93.35988061,2817.724976,1.769507851,-107.5536422,37.39082227
2008,453515,1.572328834,5.909567617,79.04212709,2057.711056,1.770364219,-107.5536422,37.39082227
2009,453515,1.572328834,5.975089306,63.53388937,1362.35482,1.793883787,-107.5536422,37.39082227
2010,453515,1.572328834,6.038314725,61.28670001,1272.804026,1.816542044,-107.5536422,37.39082227
2011,453515,1.572328834,6.271891426,75.00172865,1863.627682,1.899942399,-107.5536422,37.39082227
2012,453515,1.572328834,5.215501583,46.24026827,747.7524444,1.518661958,-107.5536422,37.39082227
2013,453515,1.572328834,6.011152917,54.79026649,1030.102162,1.80681242,-107.5536422,37.39082227
2014,453515,1.572328834,6.366441745,75.81710256,1902.066049,1.933568738,-107.5536422,37.39082227
2015,453515,1.572328834,7.333292592,102.6896607,3372.899323,2.27337793,-107.5536422,37.39082227
2005,454129,0.049041095,1400.900834,18448.6819,60905081.47,491.9757008,-114.2130194,34.36135735
2005,454129,0.049041095,1400.900834,18448.6819,60905081.47,491.9757008,-114.2130194,34.36135735
2005,454129,0.049041095,1400.900834,18448.6819,60905081.47,491.9757008,-114.2130194,34.36135735
2005,454129,0.049041095,1400.900834,18448.6819,60905081.47,491.9757008,-114.2130194,34.36135735
2006,454129,0.049041095,173.6727631,15948.93456,46265876.24,77.78965879,-114.2130194,34.36135735
2006,454129,0.049041095,173.6727631,15948.93456,46265876.24,77.78965879,-114.2130194,34.36135735
2006,454129,0.049041095,173.6727631,15948.93456,46265876.24,77.78965879,-114.2130194,34.36135735
2006,454129,0.049041095,173.6727631,15948.93456,46265876.24,77.78965879,-114.2130194,34.36135735
2007,454129,0.049041095,69.83283185,15391.64474,43260912.45,34.46161384,-114.2130194,34.36135735
2007,454129,0.049041095,69.83283185,15391.64474,43260912.45,34.46161384,-114.2130194,34.36135735
2007,454129,0.049041095,69.83283185,15391.64474,43260912.45,34.46161384,-114.2130194,34.36135735
2007,454129,0.049041095,69.83283185,15391.64474,43260912.45,34.46161384,-114.2130194,34.36135735
2009,454129,0.049041095,94.22735711,13288.79909,32781963.66,45.10067634,-114.2130194,34.36135735
2009,454129,0.049041095,94.22735711,13288.79909,32781963.66,45.10067634,-114.2130194,34.36135735
2009,454129,0.049041095,94.22735711,13288.79909,32781963.66,45.10067634,-114.2130194,34.36135735
2009,454129,0.049041095,94.22735711,13288.79909,32781963.66,45.10067634,-114.2130194,34.36135735
2010,454129,0.049041095,368.2282725,12230.91103,28029271.38,151.3707331,-114.2130194,34.36135735
2010,454129,0.049041095,368.2282725,12230.91103,28029271.38,151.3707331,-114.2130194,34.36135735
2010,454129,0.049041095,368.2282725,12230.91103,28029271.38,151.3707331,-114.2130194,34.36135735
2010,454129,0.049041095,368.2282725,12230.91103,28029271.38,151.3707331,-114.2130194,34.36135735
2011,454129,0.049041095,64.61779129,11700.19566,25777208.96,32.13213702,-114.2130194,34.36135735
2011,454129,0.049041095,64.61779129,11700.19566,25777208.96,32.13213702,-114.2130194,34.36135735
2011,454129,0.049041095,64.61779129,11700.19566,25777208.96,32.13213702,-114.2130194,34.36135735
2011,454129,0.049041095,64.61779129,11700.19566,25777208.96,32.13213702,-114.2130194,34.36135735
2012,454129,0.049041095,64.75661105,10202.48959,19902946.65,32.19443754,-114.2130194,34.36135735
2012,454129,0.049041095,64.75661105,10202.48959,19902946.65,32.19443754,-114.2130194,34.36135735
2012,454129,0.049041095,64.75661105,10202.48959,19902946.65,32.19443754,-114.2130194,34.36135735
2012,454129,0.049041095,64.75661105,10202.48959,19902946.65,32.19443754,-114.2130194,34.36135735
2005,454811,0.239178091,0.226284086,1.757933256,1.558094673,-1.013452049,-111.7266377,34.00798112
2007,454811,0.239178091,177.5791141,2175.032724,1075313.68,66.64861384,-111.7266377,34.00798112
2008,454811,0.239178091,147.654613,21519.08473,81449851.22,56.56509522,-111.7266377,34.00798112
2009,454811,0.239178091,69.40830702,2626.250194,1535027.313,28.78980044,-111.7266377,34.00798112
2010,454811,0.239178091,141.5047317,19004.7711,64417694.33,54.46342738,-111.7266377,34.00798112
2011,454811,0.239178091,53.12206641,1787.872357,742678.5531,22.60625294,-111.7266377,34.00798112
2012,454811,0.239178091,66.96846677,1452.529316,501730.5788,27.87593984,-111.7266377,34.00798112
2013,454811,0.239178091,99.13314402,5097.372576,5369254.797,39.64605306,-111.7266377,34.00798112
2014,454811,0.239178091,108.0550919,2007.137149,923976.7412,42.82128291,-111.7266377,34.00798112
2015,454811,0.239178091,100.6144474,4577.414516,4382172.541,40.17556754,-111.7266377,34.00798112
2001,456953,235.4978168,149.6508048,178.1539843,9544.904123,6.951827895,-120.0966536,39.40590211
2001,456953,235.4978168,149.6508048,178.1539843,9544.904123,6.951827895,-120.0966536,39.40590211
2001,456953,235.4978168,149.6508048,178.1539843,9544.904123,6.951827895,-120.0966536,39.40590211
2001,456953,235.4978168,149.6508048,178.1539843,9544.904123,6.951827895,-120.0966536,39.40590211
2001,456953,235.4978168,149.6508048,178.1539843,9544.904123,6.951827895,-120.0966536,39.40590211
2001,456953,235.4978168,149.6508048,178.1539843,9544.904123,6.951827895,-120.0966536,39.40590211
2001,456953,235.4978168,149.6508048,178.1539843,9544.904123,6.951827895,-120.0966536,39.40590211
2001,456953,235.4978168,149.6508048,178.1539843,9544.904123,6.951827895,-120.0966536,39.40590211
2001,456953,235.4978168,149.6508048,178.1539843,9544.904123,6.951827895,-120.0966536,39.40590211
2001,456953,235.4978168,149.6508048,178.1539843,9544.904123,6.951827895,-120.0966536,39.40590211
2001,456953,235.4978168,149.6508048,178.1539843,9544.904123,6.951827895,-120.0966536,39.40590211
2001,456953,235.4978168,149.6508048,178.1539843,9544.904123,6.951827895,-120.0966536,39.40590211
2001,456953,235.4978168,149.6508048,178.1539843,9544.904123,6.951827895,-120.0966536,39.40590211
2001,456953,235.4978168,149.6508048,178.1539843,9544.904123,6.951827895,-120.0966536,39.40590211
2001,456953,235.4978168,149.6508048,178.1539843,9544.904123,6.951827895,-120.0966536,39.40590211
2001,456953,235.4978168,149.6508048,178.1539843,9544.904123,6.951827895,-120.0966536,39.40590211
2001,456953,235.4978168,149.6508048,178.1539843,9544.904123,6.951827895,-120.0966536,39.40590211
2001,456953,235.4978168,149.6508048,178.1539843,9544.904123,6.951827895,-120.0966536,39.40590211
2001,456953,235.4978168,149.6508048,178.1539843,9544.904123,6.951827895,-120.0966536,39.40590211
2001,456953,235.4978168,149.6508048,178.1539843,9544.904123,6.951827895,-120.0966536,39.40590211
2001,456953,235.4978168,149.6508048,178.1539843,9544.904123,6.951827895,-120.0966536,39.40590211
2001,456953,235.4978168,149.6508048,178.1539843,9544.904123,6.951827895,-120.0966536,39.40590211
2001,456953,235.4978168,149.6508048,178.1539843,9544.904123,6.951827895,-120.0966536,39.40590211
2001,456953,235.4978168,149.6508048,178.1539843,9544.904123,6.951827895,-120.0966536,39.40590211
2001,456953,235.4978168,149.6508048,178.1539843,9544.904123,6.951827895,-120.0966536,39.40590211
2001,456953,235.4978168,149.6508048,178.1539843,9544.904123,6.951827895,-120.0966536,39.40590211
2001,456953,235.4978168,149.6508048,178.1539843,9544.904123,6.951827895,-120.0966536,39.40590211
2001,456953,235.4978168,149.6508048,178.1539843,9544.904123,6.951827895,-120.0966536,39.40590211
2001,456953,235.4978168,149.6508048,178.1539843,9544.904123,6.951827895,-120.0966536,39.40590211
2001,456953,235.4978168,149.6508048,178.1539843,9544.904123,6.951827895,-120.0966536,39.40590211
2001,456953,235.4978168,149.6508048,178.1539843,9544.904123,6.951827895,-120.0966536,39.40590211
2001,456953,235.4978168,149.6508048,178.1539843,9544.904123,6.951827895,-120.0966536,39.40590211
2001,456953,235.4978168,149.6508048,178.1539843,9544.904123,6.951827895,-120.0966536,39.40590211
2001,456953,235.4978168,149.6508048,178.1539843,9544.904123,6.951827895,-120.0966536,39.40590211
2001,456953,235.4978168,149.6508048,178.1539843,9544.904123,6.951827895,-120.0966536,39.40590211
2001,456953,235.4978168,149.6508048,178.1539843,9544.904123,6.951827895,-120.0966536,39.40590211
2002,456953,235.4978168,189.5047834,386.5333435,41202.05432,8.574631811,-120.0966536,39.40590211
2002,456953,235.4978168,189.5047834,386.5333435,41202.05432,8.574631811,-120.0966536,39.40590211
2002,456953,235.4978168,189.5047834,386.5333435,41202.05432,8.574631811,-120.0966536,39.40590211
2002,456953,235.4978168,189.5047834,386.5333435,41202.05432,8.574631811,-120.0966536,39.40590211
2002,456953,235.4978168,189.5047834,386.5333435,41202.05432,8.574631811,-120.0966536,39.40590211
2002,456953,235.4978168,189.5047834,386.5333435,41202.05432,8.574631811,-120.0966536,39.40590211
2002,456953,235.4978168,189.5047834,386.5333435,41202.05432,8.574631811,-120.0966536,39.40590211
2002,456953,235.4978168,189.5047834,386.5333435,41202.05432,8.574631811,-120.0966536,39.40590211
2002,456953,235.4978168,189.5047834,386.5333435,41202.05432,8.574631811,-120.0966536,39.40590211
2002,456953,235.4978168,189.5047834,386.5333435,41202.05432,8.574631811,-120.0966536,39.40590211
2002,456953,235.4978168,189.5047834,386.5333435,41202.05432,8.574631811,-120.0966536,39.40590211
2002,456953,235.4978168,189.5047834,386.5333435,41202.05432,8.574631811,-120.0966536,39.40590211
2002,456953,235.4978168,189.5047834,386.5333435,41202.05432,8.574631811,-120.0966536,39.40590211
2002,456953,235.4978168,189.5047834,386.5333435,41202.05432,8.574631811,-120.0966536,39.40590211
2002,456953,235.4978168,189.5047834,386.5333435,41202.05432,8.574631811,-120.0966536,39.40590211
2002,456953,235.4978168,189.5047834,386.5333435,41202.05432,8.574631811,-120.0966536,39.40590211
2002,456953,235.4978168,189.5047834,386.5333435,41202.05432,8.574631811,-120.0966536,39.40590211
2002,456953,235.4978168,189.5047834,386.5333435,41202.05432,8.574631811,-120.0966536,39.40590211
2002,456953,235.4978168,189.5047834,386.5333435,41202.05432,8.574631811,-120.0966536,39.40590211
2002,456953,235.4978168,189.5047834,386.5333435,41202.05432,8.574631811,-120.0966536,39.40590211
2002,456953,235.4978168,189.5047834,386.5333435,41202.05432,8.574631811,-120.0966536,39.40590211
2002,456953,235.4978168,189.5047834,386.5333435,41202.05432,8.574631811,-120.0966536,39.40590211
2002,456953,235.4978168,189.5047834,386.5333435,41202.05432,8.574631811,-120.0966536,39.40590211
2002,456953,235.4978168,189.5047834,386.5333435,41202.05432,8.574631811,-120.0966536,39.40590211
2002,456953,235.4978168,189.5047834,386.5333435,41202.05432,8.574631811,-120.0966536,39.40590211
2002,456953,235.4978168,189.5047834,386.5333435,41202.05432,8.574631811,-120.0966536,39.40590211
2002,456953,235.4978168,189.5047834,386.5333435,41202.05432,8.574631811,-120.0966536,39.40590211
2002,456953,235.4978168,189.5047834,386.5333435,41202.05432,8.574631811,-120.0966536,39.40590211
2002,456953,235.4978168,189.5047834,386.5333435,41202.05432,8.574631811,-120.0966536,39.40590211
2002,456953,235.4978168,189.5047834,386.5333435,41202.05432,8.574631811,-120.0966536,39.40590211
2002,456953,235.4978168,189.5047834,386.5333435,41202.05432,8.574631811,-120.0966536,39.40590211
2002,456953,235.4978168,189.5047834,386.5333435,41202.05432,8.574631811,-120.0966536,39.40590211
2002,456953,235.4978168,189.5047834,386.5333435,41202.05432,8.574631811,-120.0966536,39.40590211
2002,456953,235.4978168,189.5047834,386.5333435,41202.05432,8.574631811,-120.0966536,39.40590211
2002,456953,235.4978168,189.5047834,386.5333435,41202.05432,8.574631811,-120.0966536,39.40590211
2002,456953,235.4978168,189.5047834,386.5333435,41202.05432,8.574631811,-120.0966536,39.40590211
2003,456953,235.4978168,225.074813,579.0825163,88386.2861,9.988009201,-120.0966536,39.40590211
2003,456953,235.4978168,225.074813,579.0825163,88386.2861,9.988009201,-120.0966536,39.40590211
2003,456953,235.4978168,225.074813,579.0825163,88386.2861,9.988009201,-120.0966536,39.40590211
2003,456953,235.4978168,225.074813,579.0825163,88386.2861,9.988009201,-120.0966536,39.40590211
2003,456953,235.4978168,225.074813,579.0825163,88386.2861,9.988009201,-120.0966536,39.40590211
2003,456953,235.4978168,225.074813,579.0825163,88386.2861,9.988009201,-120.0966536,39.40590211
2003,456953,235.4978168,225.074813,579.0825163,88386.2861,9.988009201,-120.0966536,39.40590211
2003,456953,235.4978168,225.074813,579.0825163,88386.2861,9.988009201,-120.0966536,39.40590211
2003,456953,235.4978168,225.074813,579.0825163,88386.2861,9.988009201,-120.0966536,39.40590211
2003,456953,235.4978168,225.074813,579.0825163,88386.2861,9.988009201,-120.0966536,39.40590211
2003,456953,235.4978168,225.074813,579.0825163,88386.2861,9.988009201,-120.0966536,39.40590211
2003,456953,235.4978168,225.074813,579.0825163,88386.2861,9.988009201,-120.0966536,39.40590211
2003,456953,235.4978168,225.074813,579.0825163,88386.2861,9.988009201,-120.0966536,39.40590211
2003,456953,235.4978168,225.074813,579.0825163,88386.2861,9.988009201,-120.0966536,39.40590211
2003,456953,235.4978168,225.074813,579.0825163,88386.2861,9.988009201,-120.0966536,39.40590211
2003,456953,235.4978168,225.074813,579.0825163,88386.2861,9.988009201,-120.0966536,39.40590211
2003,456953,235.4978168,225.074813,579.0825163,88386.2861,9.988009201,-120.0966536,39.40590211
2003,456953,235.4978168,225.074813,579.0825163,88386.2861,9.988009201,-120.0966536,39.40590211
2003,456953,235.4978168,225.074813,579.0825163,88386.2861,9.988009201,-120.0966536,39.40590211
2003,456953,235.4978168,225.074813,579.0825163,88386.2861,9.988009201,-120.0966536,39.40590211
2003,456953,235.4978168,225.074813,579.0825163,88386.2861,9.988009201,-120.0966536,39.40590211
2003,456953,235.4978168,225.074813,579.0825163,88386.2861,9.988009201,-120.0966536,39.40590211
2003,456953,235.4978168,225.074813,579.0825163,88386.2861,9.988009201,-120.0966536,39.40590211
2003,456953,235.4978168,225.074813,579.0825163,88386.2861,9.988009201,-120.0966536,39.40590211
2003,456953,235.4978168,225.074813,579.0825163,88386.2861,9.988009201,-120.0966536,39.40590211
2003,456953,235.4978168,225.074813,579.0825163,88386.2861,9.988009201,-120.0966536,39.40590211
2003,456953,235.4978168,225.074813,579.0825163,88386.2861,9.988009201,-120.0966536,39.40590211
2003,456953,235.4978168,225.074813,579.0825163,88386.2861,9.988009201,-120.0966536,39.40590211
2003,456953,235.4978168,225.074813,579.0825163,88386.2861,9.988009201,-120.0966536,39.40590211
2003,456953,235.4978168,225.074813,579.0825163,88386.2861,9.988009201,-120.0966536,39.40590211
2003,456953,235.4978168,225.074813,579.0825163,88386.2861,9.988009201,-120.0966536,39.40590211
2003,456953,235.4978168,225.074813,579.0825163,88386.2861,9.988009201,-120.0966536,39.40590211
2003,456953,235.4978168,225.074813,579.0825163,88386.2861,9.988009201,-120.0966536,39.40590211
2003,456953,235.4978168,225.074813,579.0825163,88386.2861,9.988009201,-120.0966536,39.40590211
2003,456953,235.4978168,225.074813,579.0825163,88386.2861,9.988009201,-120.0966536,39.40590211
2003,456953,235.4978168,225.074813,579.0825163,88386.2861,9.988009201,-120.0966536,39.40590211
2004,456953,235.4978168,202.7066796,378.883549,39675.98318,9.102666338,-120.0966536,39.40590211
2004,456953,235.4978168,202.7066796,378.883549,39675.98318,9.102666338,-120.0966536,39.40590211
2004,456953,235.4978168,202.7066796,378.883549,39675.98318,9.102666338,-120.0966536,39.40590211
2004,456953,235.4978168,202.7066796,378.883549,39675.98318,9.102666338,-120.0966536,39.40590211
2004,456953,235.4978168,202.7066796,378.883549,39675.98318,9.102666338,-120.0966536,39.40590211
2004,456953,235.4978168,202.7066796,378.883549,39675.98318,9.102666338,-120.0966536,39.40590211
2004,456953,235.4978168,202.7066796,378.883549,39675.98318,9.102666338,-120.0966536,39.40590211
2004,456953,235.4978168,202.7066796,378.883549,39675.98318,9.102666338,-120.0966536,39.40590211
2004,456953,235.4978168,202.7066796,378.883549,39675.98318,9.102666338,-120.0966536,39.40590211
2004,456953,235.4978168,202.7066796,378.883549,39675.98318,9.102666338,-120.0966536,39.40590211
2004,456953,235.4978168,202.7066796,378.883549,39675.98318,9.102666338,-120.0966536,39.40590211
2004,456953,235.4978168,202.7066796,378.883549,39675.98318,9.102666338,-120.0966536,39.40590211
2004,456953,235.4978168,202.7066796,378.883549,39675.98318,9.102666338,-120.0966536,39.40590211
2004,456953,235.4978168,202.7066796,378.883549,39675.98318,9.102666338,-120.0966536,39.40590211
2004,456953,235.4978168,202.7066796,378.883549,39675.98318,9.102666338,-120.0966536,39.40590211
2004,456953,235.4978168,202.7066796,378.883549,39675.98318,9.102666338,-120.0966536,39.40590211
2004,456953,235.4978168,202.7066796,378.883549,39675.98318,9.102666338,-120.0966536,39.40590211
2004,456953,235.4978168,202.7066796,378.883549,39675.98318,9.102666338,-120.0966536,39.40590211
2004,456953,235.4978168,202.7066796,378.883549,39675.98318,9.102666338,-120.0966536,39.40590211
2004,456953,235.4978168,202.7066796,378.883549,39675.98318,9.102666338,-120.0966536,39.40590211
2004,456953,235.4978168,202.7066796,378.883549,39675.98318,9.102666338,-120.0966536,39.40590211
2004,456953,235.4978168,202.7066796,378.883549,39675.98318,9.102666338,-120.0966536,39.40590211
2004,456953,235.4978168,202.7066796,378.883549,39675.98318,9.102666338,-120.0966536,39.40590211
2004,456953,235.4978168,202.7066796,378.883549,39675.98318,9.102666338,-120.0966536,39.40590211
2004,456953,235.4978168,202.7066796,378.883549,39675.98318,9.102666338,-120.0966536,39.40590211
2004,456953,235.4978168,202.7066796,378.883549,39675.98318,9.102666338,-120.0966536,39.40590211
2004,456953,235.4978168,202.7066796,378.883549,39675.98318,9.102666338,-120.0966536,39.40590211
2004,456953,235.4978168,202.7066796,378.883549,39675.98318,9.102666338,-120.0966536,39.40590211
2004,456953,235.4978168,202.7066796,378.883549,39675.98318,9.102666338,-120.0966536,39.40590211
2004,456953,235.4978168,202.7066796,378.883549,39675.98318,9.102666338,-120.0966536,39.40590211
2004,456953,235.4978168,202.7066796,378.883549,39675.98318,9.102666338,-120.0966536,39.40590211
2004,456953,235.4978168,202.7066796,378.883549,39675.98318,9.102666338,-120.0966536,39.40590211
2004,456953,235.4978168,202.7066796,378.883549,39675.98318,9.102666338,-120.0966536,39.40590211
2004,456953,235.4978168,202.7066796,378.883549,39675.98318,9.102666338,-120.0966536,39.40590211
2004,456953,235.4978168,202.7066796,378.883549,39675.98318,9.102666338,-120.0966536,39.40590211
2004,456953,235.4978168,202.7066796,378.883549,39675.98318,9.102666338,-120.0966536,39.40590211
2005,456953,235.4978168,293.3503893,936.6344694,219119.1533,12.6292442,-120.0966536,39.40590211
2005,456953,235.4978168,293.3503893,936.6344694,219119.1533,12.6292442,-120.0966536,39.40590211
2005,456953,235.4978168,293.3503893,936.6344694,219119.1533,12.6292442,-120.0966536,39.40590211
2005,456953,235.4978168,293.3503893,936.6344694,219119.1533,12.6292442,-120.0966536,39.40590211
2005,456953,235.4978168,293.3503893,936.6344694,219119.1533,12.6292442,-120.0966536,39.40590211
2005,456953,235.4978168,293.3503893,936.6344694,219119.1533,12.6292442,-120.0966536,39.40590211
2005,456953,235.4978168,293.3503893,936.6344694,219119.1533,12.6292442,-120.0966536,39.40590211
2005,456953,235.4978168,293.3503893,936.6344694,219119.1533,12.6292442,-120.0966536,39.40590211
2005,456953,235.4978168,293.3503893,936.6344694,219119.1533,12.6292442,-120.0966536,39.40590211
2005,456953,235.4978168,293.3503893,936.6344694,219119.1533,12.6292442,-120.0966536,39.40590211
2005,456953,235.4978168,293.3503893,936.6344694,219119.1533,12.6292442,-120.0966536,39.40590211
2005,456953,235.4978168,293.3503893,936.6344694,219119.1533,12.6292442,-120.0966536,39.40590211
2005,456953,235.4978168,293.3503893,936.6344694,219119.1533,12.6292442,-120.0966536,39.40590211
2005,456953,235.4978168,293.3503893,936.6344694,219119.1533,12.6292442,-120.0966536,39.40590211
2005,456953,235.4978168,293.3503893,936.6344694,219119.1533,12.6292442,-120.0966536,39.40590211
2005,456953,235.4978168,293.3503893,936.6344694,219119.1533,12.6292442,-120.0966536,39.40590211
2005,456953,235.4978168,293.3503893,936.6344694,219119.1533,12.6292442,-120.0966536,39.40590211
2005,456953,235.4978168,293.3503893,936.6344694,219119.1533,12.6292442,-120.0966536,39.40590211
2005,456953,235.4978168,293.3503893,936.6344694,219119.1533,12.6292442,-120.0966536,39.40590211
2005,456953,235.4978168,293.3503893,936.6344694,219119.1533,12.6292442,-120.0966536,39.40590211
2005,456953,235.4978168,293.3503893,936.6344694,219119.1533,12.6292442,-120.0966536,39.40590211
2005,456953,235.4978168,293.3503893,936.6344694,219119.1533,12.6292442,-120.0966536,39.40590211
2005,456953,235.4978168,293.3503893,936.6344694,219119.1533,12.6292442,-120.0966536,39.40590211
2005,456953,235.4978168,293.3503893,936.6344694,219119.1533,12.6292442,-120.0966536,39.40590211
2005,456953,235.4978168,293.3503893,936.6344694,219119.1533,12.6292442,-120.0966536,39.40590211
2005,456953,235.4978168,293.3503893,936.6344694,219119.1533,12.6292442,-120.0966536,39.40590211
2005,456953,235.4978168,293.3503893,936.6344694,219119.1533,12.6292442,-120.0966536,39.40590211
2005,456953,235.4978168,293.3503893,936.6344694,219119.1533,12.6292442,-120.0966536,39.40590211
2005,456953,235.4978168,293.3503893,936.6344694,219119.1533,12.6292442,-120.0966536,39.40590211
2005,456953,235.4978168,293.3503893,936.6344694,219119.1533,12.6292442,-120.0966536,39.40590211
2005,456953,235.4978168,293.3503893,936.6344694,219119.1533,12.6292442,-120.0966536,39.40590211
2005,456953,235.4978168,293.3503893,936.6344694,219119.1533,12.6292442,-120.0966536,39.40590211
2005,456953,235.4978168,293.3503893,936.6344694,219119.1533,12.6292442,-120.0966536,39.40590211
2005,456953,235.4978168,293.3503893,936.6344694,219119.1533,12.6292442,-120.0966536,39.40590211
2005,456953,235.4978168,293.3503893,936.6344694,219119.1533,12.6292442,-120.0966536,39.40590211
2005,456953,235.4978168,293.3503893,936.6344694,219119.1533,12.6292442,-120.0966536,39.40590211
2006,456953,235.4978168,453.5474782,2427.669957,1323254.906,18.56333052,-120.0966536,39.40590211
2006,456953,235.4978168,453.5474782,2427.669957,1323254.906,18.56333052,-120.0966536,39.40590211
2006,456953,235.4978168,453.5474782,2427.669957,1323254.906,18.56333052,-120.0966536,39.40590211
2006,456953,235.4978168,453.5474782,2427.669957,1323254.906,18.56333052,-120.0966536,39.40590211
2006,456953,235.4978168,453.5474782,2427.669957,1323254.906,18.56333052,-120.0966536,39.40590211
2006,456953,235.4978168,453.5474782,2427.669957,1323254.906,18.56333052,-120.0966536,39.40590211
2006,456953,235.4978168,453.5474782,2427.669957,1323254.906,18.56333052,-120.0966536,39.40590211
2006,456953,235.4978168,453.5474782,2427.669957,1323254.906,18.56333052,-120.0966536,39.40590211
2006,456953,235.4978168,453.5474782,2427.669957,1323254.906,18.56333052,-120.0966536,39.40590211
2006,456953,235.4978168,453.5474782,2427.669957,1323254.906,18.56333052,-120.0966536,39.40590211
2006,456953,235.4978168,453.5474782,2427.669957,1323254.906,18.56333052,-120.0966536,39.40590211
2006,456953,235.4978168,453.5474782,2427.669957,1323254.906,18.56333052,-120.0966536,39.40590211
2006,456953,235.4978168,453.5474782,2427.669957,1323254.906,18.56333052,-120.0966536,39.40590211
2006,456953,235.4978168,453.5474782,2427.669957,1323254.906,18.56333052,-120.0966536,39.40590211
2006,456953,235.4978168,453.5474782,2427.669957,1323254.906,18.56333052,-120.0966536,39.40590211
2006,456953,235.4978168,453.5474782,2427.669957,1323254.906,18.56333052,-120.0966536,39.40590211
2006,456953,235.4978168,453.5474782,2427.669957,1323254.906,18.56333052,-120.0966536,39.40590211
2006,456953,235.4978168,453.5474782,2427.669957,1323254.906,18.56333052,-120.0966536,39.40590211
2006,456953,235.4978168,453.5474782,2427.669957,1323254.906,18.56333052,-120.0966536,39.40590211
2006,456953,235.4978168,453.5474782,2427.669957,1323254.906,18.56333052,-120.0966536,39.40590211
2006,456953,235.4978168,453.5474782,2427.669957,1323254.906,18.56333052,-120.0966536,39.40590211
2006,456953,235.4978168,453.5474782,2427.669957,1323254.906,18.56333052,-120.0966536,39.40590211
2006,456953,235.4978168,453.5474782,2427.669957,1323254.906,18.56333052,-120.0966536,39.40590211
2006,456953,235.4978168,453.5474782,2427.669957,1323254.906,18.56333052,-120.0966536,39.40590211
2006,456953,235.4978168,453.5474782,2427.669957,1323254.906,18.56333052,-120.0966536,39.40590211
2006,456953,235.4978168,453.5474782,2427.669957,1323254.906,18.56333052,-120.0966536,39.40590211
2006,456953,235.4978168,453.5474782,2427.669957,1323254.906,18.56333052,-120.0966536,39.40590211
2006,456953,235.4978168,453.5474782,2427.669957,1323254.906,18.56333052,-120.0966536,39.40590211
2006,456953,235.4978168,453.5474782,2427.669957,1323254.906,18.56333052,-120.0966536,39.40590211
2006,456953,235.4978168,453.5474782,2427.669957,1323254.906,18.56333052,-120.0966536,39.40590211
2006,456953,235.4978168,453.5474782,2427.669957,1323254.906,18.56333052,-120.0966536,39.40590211
2006,456953,235.4978168,453.5474782,2427.669957,1323254.906,18.56333052,-120.0966536,39.40590211
2006,456953,235.4978168,453.5474782,2427.669957,1323254.906,18.56333052,-120.0966536,39.40590211
2006,456953,235.4978168,453.5474782,2427.669957,1323254.906,18.56333052,-120.0966536,39.40590211
2006,456953,235.4978168,453.5474782,2427.669957,1323254.906,18.56333052,-120.0966536,39.40590211
2006,456953,235.4978168,453.5474782,2427.669957,1323254.906,18.56333052,-120.0966536,39.40590211
2007,456953,235.4978168,207.7561049,336.7142377,31752.09471,9.303514864,-120.0966536,39.40590211
2007,456953,235.4978168,207.7561049,336.7142377,31752.09471,9.303514864,-120.0966536,39.40590211
2007,456953,235.4978168,207.7561049,336.7142377,31752.09471,9.303514864,-120.0966536,39.40590211
2007,456953,235.4978168,207.7561049,336.7142377,31752.09471,9.303514864,-120.0966536,39.40590211
2007,456953,235.4978168,207.7561049,336.7142377,31752.09471,9.303514864,-120.0966536,39.40590211
2007,456953,235.4978168,207.7561049,336.7142377,31752.09471,9.303514864,-120.0966536,39.40590211
2007,456953,235.4978168,207.7561049,336.7142377,31752.09471,9.303514864,-120.0966536,39.40590211
2007,456953,235.4978168,207.7561049,336.7142377,31752.09471,9.303514864,-120.0966536,39.40590211
2007,456953,235.4978168,207.7561049,336.7142377,31752.09471,9.303514864,-120.0966536,39.40590211
2007,456953,235.4978168,207.7561049,336.7142377,31752.09471,9.303514864,-120.0966536,39.40590211
2007,456953,235.4978168,207.7561049,336.7142377,31752.09471,9.303514864,-120.0966536,39.40590211
2007,456953,235.4978168,207.7561049,336.7142377,31752.09471,9.303514864,-120.0966536,39.40590211
2007,456953,235.4978168,207.7561049,336.7142377,31752.09471,9.303514864,-120.0966536,39.40590211
2007,456953,235.4978168,207.7561049,336.7142377,31752.09471,9.303514864,-120.0966536,39.40590211
2007,456953,235.4978168,207.7561049,336.7142377,31752.09471,9.303514864,-120.0966536,39.40590211
2007,456953,235.4978168,207.7561049,336.7142377,31752.09471,9.303514864,-120.0966536,39.40590211
2007,456953,235.4978168,207.7561049,336.7142377,31752.09471,9.303514864,-120.0966536,39.40590211
2007,456953,235.4978168,207.7561049,336.7142377,31752.09471,9.303514864,-120.0966536,39.40590211
2007,456953,235.4978168,207.7561049,336.7142377,31752.09471,9.303514864,-120.0966536,39.40590211
2007,456953,235.4978168,207.7561049,336.7142377,31752.09471,9.303514864,-120.0966536,39.40590211
2007,456953,235.4978168,207.7561049,336.7142377,31752.09471,9.303514864,-120.0966536,39.40590211
2007,456953,235.4978168,207.7561049,336.7142377,31752.09471,9.303514864,-120.0966536,39.40590211
2007,456953,235.4978168,207.7561049,336.7142377,31752.09471,9.303514864,-120.0966536,39.40590211
2007,456953,235.4978168,207.7561049,336.7142377,31752.09471,9.303514864,-120.0966536,39.40590211
2007,456953,235.4978168,207.7561049,336.7142377,31752.09471,9.303514864,-120.0966536,39.40590211
2007,456953,235.4978168,207.7561049,336.7142377,31752.09471,9.303514864,-120.0966536,39.40590211
2007,456953,235.4978168,207.7561049,336.7142377,31752.09471,9.303514864,-120.0966536,39.40590211
2007,456953,235.4978168,207.7561049,336.7142377,31752.09471,9.303514864,-120.0966536,39.40590211
2007,456953,235.4978168,207.7561049,336.7142377,31752.09471,9.303514864,-120.0966536,39.40590211
2007,456953,235.4978168,207.7561049,336.7142377,31752.09471,9.303514864,-120.0966536,39.40590211
2007,456953,235.4978168,207.7561049,336.7142377,31752.09471,9.303514864,-120.0966536,39.40590211
2007,456953,235.4978168,207.7561049,336.7142377,31752.09471,9.303514864,-120.0966536,39.40590211
2007,456953,235.4978168,207.7561049,336.7142377,31752.09471,9.303514864,-120.0966536,39.40590211
2007,456953,235.4978168,207.7561049,336.7142377,31752.09471,9.303514864,-120.0966536,39.40590211
2007,456953,235.4978168,207.7561049,336.7142377,31752.09471,9.303514864,-120.0966536,39.40590211
2007,456953,235.4978168,207.7561049,336.7142377,31752.09471,9.303514864,-120.0966536,39.40590211
2008,456953,235.4978168,220.8765315,321.9163081,29168.83684,9.822682433,-120.0966536,39.40590211
2008,456953,235.4978168,220.8765315,321.9163081,29168.83684,9.822682433,-120.0966536,39.40590211
2008,456953,235.4978168,220.8765315,321.9163081,29168.83684,9.822682433,-120.0966536,39.40590211
2008,456953,235.4978168,220.8765315,321.9163081,29168.83684,9.822682433,-120.0966536,39.40590211
2008,456953,235.4978168,220.8765315,321.9163081,29168.83684,9.822682433,-120.0966536,39.40590211
2008,456953,235.4978168,220.8765315,321.9163081,29168.83684,9.822682433,-120.0966536,39.40590211
2008,456953,235.4978168,220.8765315,321.9163081,29168.83684,9.822682433,-120.0966536,39.40590211
2008,456953,235.4978168,220.8765315,321.9163081,29168.83684,9.822682433,-120.0966536,39.40590211
2008,456953,235.4978168,220.8765315,321.9163081,29168.83684,9.822682433,-120.0966536,39.40590211
2008,456953,235.4978168,220.8765315,321.9163081,29168.83684,9.822682433,-120.0966536,39.40590211
2008,456953,235.4978168,220.8765315,321.9163081,29168.83684,9.822682433,-120.0966536,39.40590211
2008,456953,235.4978168,220.8765315,321.9163081,29168.83684,9.822682433,-120.0966536,39.40590211
2008,456953,235.4978168,220.8765315,321.9163081,29168.83684,9.822682433,-120.0966536,39.40590211
2008,456953,235.4978168,220.8765315,321.9163081,29168.83684,9.822682433,-120.0966536,39.40590211
2008,456953,235.4978168,220.8765315,321.9163081,29168.83684,9.822682433,-120.0966536,39.40590211
2008,456953,235.4978168,220.8765315,321.9163081,29168.83684,9.822682433,-120.0966536,39.40590211
2008,456953,235.4978168,220.8765315,321.9163081,29168.83684,9.822682433,-120.0966536,39.40590211
2008,456953,235.4978168,220.8765315,321.9163081,29168.83684,9.822682433,-120.0966536,39.40590211
2008,456953,235.4978168,220.8765315,321.9163081,29168.83684,9.822682433,-120.0966536,39.40590211
2008,456953,235.4978168,220.8765315,321.9163081,29168.83684,9.822682433,-120.0966536,39.40590211
2008,456953,235.4978168,220.8765315,321.9163081,29168.83684,9.822682433,-120.0966536,39.40590211
2008,456953,235.4978168,220.8765315,321.9163081,29168.83684,9.822682433,-120.0966536,39.40590211
2008,456953,235.4978168,220.8765315,321.9163081,29168.83684,9.822682433,-120.0966536,39.40590211
2008,456953,235.4978168,220.8765315,321.9163081,29168.83684,9.822682433,-120.0966536,39.40590211
2008,456953,235.4978168,220.8765315,321.9163081,29168.83684,9.822682433,-120.0966536,39.40590211
2008,456953,235.4978168,220.8765315,321.9163081,29168.83684,9.822682433,-120.0966536,39.40590211
2008,456953,235.4978168,220.8765315,321.9163081,29168.83684,9.822682433,-120.0966536,39.40590211
2008,456953,235.4978168,220.8765315,321.9163081,29168.83684,9.822682433,-120.0966536,39.40590211
2008,456953,235.4978168,220.8765315,321.9163081,29168.83684,9.822682433,-120.0966536,39.40590211
2008,456953,235.4978168,220.8765315,321.9163081,29168.83684,9.822682433,-120.0966536,39.40590211
2008,456953,235.4978168,220.8765315,321.9163081,29168.83684,9.822682433,-120.0966536,39.40590211
2008,456953,235.4978168,220.8765315,321.9163081,29168.83684,9.822682433,-120.0966536,39.40590211
2008,456953,235.4978168,220.8765315,321.9163081,29168.83684,9.822682433,-120.0966536,39.40590211
2008,456953,235.4978168,220.8765315,321.9163081,29168.83684,9.822682433,-120.0966536,39.40590211
2008,456953,235.4978168,220.8765315,321.9163081,29168.83684,9.822682433,-120.0966536,39.40590211
2008,456953,235.4978168,220.8765315,321.9163081,29168.83684,9.822682433,-120.0966536,39.40590211
2009,456953,235.4978168,249.3970167,532.1606946,75352.09147,10.93871477,-120.0966536,39.40590211
2009,456953,235.4978168,249.3970167,532.1606946,75352.09147,10.93871477,-120.0966536,39.40590211
2009,456953,235.4978168,249.3970167,532.1606946,75352.09147,10.93871477,-120.0966536,39.40590211
2009,456953,235.4978168,249.3970167,532.1606946,75352.09147,10.93871477,-120.0966536,39.40590211
2009,456953,235.4978168,249.3970167,532.1606946,75352.09147,10.93871477,-120.0966536,39.40590211
2009,456953,235.4978168,249.3970167,532.1606946,75352.09147,10.93871477,-120.0966536,39.40590211
2009,456953,235.4978168,249.3970167,532.1606946,75352.09147,10.93871477,-120.0966536,39.40590211
2009,456953,235.4978168,249.3970167,532.1606946,75352.09147,10.93871477,-120.0966536,39.40590211
2009,456953,235.4978168,249.3970167,532.1606946,75352.09147,10.93871477,-120.0966536,39.40590211
2009,456953,235.4978168,249.3970167,532.1606946,75352.09147,10.93871477,-120.0966536,39.40590211
2009,456953,235.4978168,249.3970167,532.1606946,75352.09147,10.93871477,-120.0966536,39.40590211
2009,456953,235.4978168,249.3970167,532.1606946,75352.09147,10.93871477,-120.0966536,39.40590211
2009,456953,235.4978168,249.3970167,532.1606946,75352.09147,10.93871477,-120.0966536,39.40590211
2009,456953,235.4978168,249.3970167,532.1606946,75352.09147,10.93871477,-120.0966536,39.40590211
2009,456953,235.4978168,249.3970167,532.1606946,75352.09147,10.93871477,-120.0966536,39.40590211
2009,456953,235.4978168,249.3970167,532.1606946,75352.09147,10.93871477,-120.0966536,39.40590211
2009,456953,235.4978168,249.3970167,532.1606946,75352.09147,10.93871477,-120.0966536,39.40590211
2009,456953,235.4978168,249.3970167,532.1606946,75352.09147,10.93871477,-120.0966536,39.40590211
2009,456953,235.4978168,249.3970167,532.1606946,75352.09147,10.93871477,-120.0966536,39.40590211
2009,456953,235.4978168,249.3970167,532.1606946,75352.09147,10.93871477,-120.0966536,39.40590211
2009,456953,235.4978168,249.3970167,532.1606946,75352.09147,10.93871477,-120.0966536,39.40590211
2009,456953,235.4978168,249.3970167,532.1606946,75352.09147,10.93871477,-120.0966536,39.40590211
2009,456953,235.4978168,249.3970167,532.1606946,75352.09147,10.93871477,-120.0966536,39.40590211
2009,456953,235.4978168,249.3970167,532.1606946,75352.09147,10.93871477,-120.0966536,39.40590211
2009,456953,235.4978168,249.3970167,532.1606946,75352.09147,10.93871477,-120.0966536,39.40590211
2009,456953,235.4978168,249.3970167,532.1606946,75352.09147,10.93871477,-120.0966536,39.40590211
2009,456953,235.4978168,249.3970167,532.1606946,75352.09147,10.93871477,-120.0966536,39.40590211
2009,456953,235.4978168,249.3970167,532.1606946,75352.09147,10.93871477,-120.0966536,39.40590211
2009,456953,235.4978168,249.3970167,532.1606946,75352.09147,10.93871477,-120.0966536,39.40590211
2009,456953,235.4978168,249.3970167,532.1606946,75352.09147,10.93871477,-120.0966536,39.40590211
2009,456953,235.4978168,249.3970167,532.1606946,75352.09147,10.93871477,-120.0966536,39.40590211
2009,456953,235.4978168,249.3970167,532.1606946,75352.09147,10.93871477,-120.0966536,39.40590211
2009,456953,235.4978168,249.3970167,532.1606946,75352.09147,10.93871477,-120.0966536,39.40590211
2009,456953,235.4978168,249.3970167,532.1606946,75352.09147,10.93871477,-120.0966536,39.40590211
2009,456953,235.4978168,249.3970167,532.1606946,75352.09147,10.93871477,-120.0966536,39.40590211
2009,456953,235.4978168,249.3970167,532.1606946,75352.09147,10.93871477,-120.0966536,39.40590211
2010,456953,235.4978168,286.3693912,655.2043194,111598.0594,12.36290785,-120.0966536,39.40590211
2010,456953,235.4978168,286.3693912,655.2043194,111598.0594,12.36290785,-120.0966536,39.40590211
2010,456953,235.4978168,286.3693912,655.2043194,111598.0594,12.36290785,-120.0966536,39.40590211
2010,456953,235.4978168,286.3693912,655.2043194,111598.0594,12.36290785,-120.0966536,39.40590211
2010,456953,235.4978168,286.3693912,655.2043194,111598.0594,12.36290785,-120.0966536,39.40590211
2010,456953,235.4978168,286.3693912,655.2043194,111598.0594,12.36290785,-120.0966536,39.40590211
2010,456953,235.4978168,286.3693912,655.2043194,111598.0594,12.36290785,-120.0966536,39.40590211
2010,456953,235.4978168,286.3693912,655.2043194,111598.0594,12.36290785,-120.0966536,39.40590211
2010,456953,235.4978168,286.3693912,655.2043194,111598.0594,12.36290785,-120.0966536,39.40590211
2010,456953,235.4978168,286.3693912,655.2043194,111598.0594,12.36290785,-120.0966536,39.40590211
2010,456953,235.4978168,286.3693912,655.2043194,111598.0594,12.36290785,-120.0966536,39.40590211
2010,456953,235.4978168,286.3693912,655.2043194,111598.0594,12.36290785,-120.0966536,39.40590211
2010,456953,235.4978168,286.3693912,655.2043194,111598.0594,12.36290785,-120.0966536,39.40590211
2010,456953,235.4978168,286.3693912,655.2043194,111598.0594,12.36290785,-120.0966536,39.40590211
2010,456953,235.4978168,286.3693912,655.2043194,111598.0594,12.36290785,-120.0966536,39.40590211
2010,456953,235.4978168,286.3693912,655.2043194,111598.0594,12.36290785,-120.0966536,39.40590211
2010,456953,235.4978168,286.3693912,655.2043194,111598.0594,12.36290785,-120.0966536,39.40590211
2010,456953,235.4978168,286.3693912,655.2043194,111598.0594,12.36290785,-120.0966536,39.40590211
2010,456953,235.4978168,286.3693912,655.2043194,111598.0594,12.36290785,-120.0966536,39.40590211
2010,456953,235.4978168,286.3693912,655.2043194,111598.0594,12.36290785,-120.0966536,39.40590211
2010,456953,235.4978168,286.3693912,655.2043194,111598.0594,12.36290785,-120.0966536,39.40590211
2010,456953,235.4978168,286.3693912,655.2043194,111598.0594,12.36290785,-120.0966536,39.40590211
2010,456953,235.4978168,286.3693912,655.2043194,111598.0594,12.36290785,-120.0966536,39.40590211
2010,456953,235.4978168,286.3693912,655.2043194,111598.0594,12.36290785,-120.0966536,39.40590211
2010,456953,235.4978168,286.3693912,655.2043194,111598.0594,12.36290785,-120.0966536,39.40590211
2010,456953,235.4978168,286.3693912,655.2043194,111598.0594,12.36290785,-120.0966536,39.40590211
2010,456953,235.4978168,286.3693912,655.2043194,111598.0594,12.36290785,-120.0966536,39.40590211
2010,456953,235.4978168,286.3693912,655.2043194,111598.0594,12.36290785,-120.0966536,39.40590211
2010,456953,235.4978168,286.3693912,655.2043194,111598.0594,12.36290785,-120.0966536,39.40590211
2010,456953,235.4978168,286.3693912,655.2043194,111598.0594,12.36290785,-120.0966536,39.40590211
2010,456953,235.4978168,286.3693912,655.2043194,111598.0594,12.36290785,-120.0966536,39.40590211
2010,456953,235.4978168,286.3693912,655.2043194,111598.0594,12.36290785,-120.0966536,39.40590211
2010,456953,235.4978168,286.3693912,655.2043194,111598.0594,12.36290785,-120.0966536,39.40590211
2010,456953,235.4978168,286.3693912,655.2043194,111598.0594,12.36290785,-120.0966536,39.40590211
2010,456953,235.4978168,286.3693912,655.2043194,111598.0594,12.36290785,-120.0966536,39.40590211
2010,456953,235.4978168,286.3693912,655.2043194,111598.0594,12.36290785,-120.0966536,39.40590211
2011,456953,235.4978168,353.1723233,1835.24532,780270.92,14.88214597,-120.0966536,39.40590211
2011,456953,235.4978168,353.1723233,1835.24532,780270.92,14.88214597,-120.0966536,39.40590211
2011,456953,235.4978168,353.1723233,1835.24532,780270.92,14.88214597,-120.0966536,39.40590211
2011,456953,235.4978168,353.1723233,1835.24532,780270.92,14.88214597,-120.0966536,39.40590211
2011,456953,235.4978168,353.1723233,1835.24532,780270.92,14.88214597,-120.0966536,39.40590211
2011,456953,235.4978168,353.1723233,1835.24532,780270.92,14.88214597,-120.0966536,39.40590211
2011,456953,235.4978168,353.1723233,1835.24532,780270.92,14.88214597,-120.0966536,39.40590211
2011,456953,235.4978168,353.1723233,1835.24532,780270.92,14.88214597,-120.0966536,39.40590211
2011,456953,235.4978168,353.1723233,1835.24532,780270.92,14.88214597,-120.0966536,39.40590211
2011,456953,235.4978168,353.1723233,1835.24532,780270.92,14.88214597,-120.0966536,39.40590211
2011,456953,235.4978168,353.1723233,1835.24532,780270.92,14.88214597,-120.0966536,39.40590211
2011,456953,235.4978168,353.1723233,1835.24532,780270.92,14.88214597,-120.0966536,39.40590211
2011,456953,235.4978168,353.1723233,1835.24532,780270.92,14.88214597,-120.0966536,39.40590211
2011,456953,235.4978168,353.1723233,1835.24532,780270.92,14.88214597,-120.0966536,39.40590211
2011,456953,235.4978168,353.1723233,1835.24532,780270.92,14.88214597,-120.0966536,39.40590211
2011,456953,235.4978168,353.1723233,1835.24532,780270.92,14.88214597,-120.0966536,39.40590211
2011,456953,235.4978168,353.1723233,1835.24532,780270.92,14.88214597,-120.0966536,39.40590211
2011,456953,235.4978168,353.1723233,1835.24532,780270.92,14.88214597,-120.0966536,39.40590211
2011,456953,235.4978168,353.1723233,1835.24532,780270.92,14.88214597,-120.0966536,39.40590211
2011,456953,235.4978168,353.1723233,1835.24532,780270.92,14.88214597,-120.0966536,39.40590211
2011,456953,235.4978168,353.1723233,1835.24532,780270.92,14.88214597,-120.0966536,39.40590211
2011,456953,235.4978168,353.1723233,1835.24532,780270.92,14.88214597,-120.0966536,39.40590211
2011,456953,235.4978168,353.1723233,1835.24532,780270.92,14.88214597,-120.0966536,39.40590211
2011,456953,235.4978168,353.1723233,1835.24532,780270.92,14.88214597,-120.0966536,39.40590211
2011,456953,235.4978168,353.1723233,1835.24532,780270.92,14.88214597,-120.0966536,39.40590211
2011,456953,235.4978168,353.1723233,1835.24532,780270.92,14.88214597,-120.0966536,39.40590211
2011,456953,235.4978168,353.1723233,1835.24532,780270.92,14.88214597,-120.0966536,39.40590211
2011,456953,235.4978168,353.1723233,1835.24532,780270.92,14.88214597,-120.0966536,39.40590211
2011,456953,235.4978168,353.1723233,1835.24532,780270.92,14.88214597,-120.0966536,39.40590211
2011,456953,235.4978168,353.1723233,1835.24532,780270.92,14.88214597,-120.0966536,39.40590211
2011,456953,235.4978168,353.1723233,1835.24532,780270.92,14.88214597,-120.0966536,39.40590211
2011,456953,235.4978168,353.1723233,1835.24532,780270.92,14.88214597,-120.0966536,39.40590211
2011,456953,235.4978168,353.1723233,1835.24532,780270.92,14.88214597,-120.0966536,39.40590211
2011,456953,235.4978168,353.1723233,1835.24532,780270.92,14.88214597,-120.0966536,39.40590211
2011,456953,235.4978168,353.1723233,1835.24532,780270.92,14.88214597,-120.0966536,39.40590211
2011,456953,235.4978168,353.1723233,1835.24532,780270.92,14.88214597,-120.0966536,39.40590211
2012,456953,235.4978168,235.0601566,402.5692219,44488.83064,10.37974655,-120.0966536,39.40590211
2012,456953,235.4978168,235.0601566,402.5692219,44488.83064,10.37974655,-120.0966536,39.40590211
2012,456953,235.4978168,235.0601566,402.5692219,44488.83064,10.37974655,-120.0966536,39.40590211
2012,456953,235.4978168,235.0601566,402.5692219,44488.83064,10.37974655,-120.0966536,39.40590211
2012,456953,235.4978168,235.0601566,402.5692219,44488.83064,10.37974655,-120.0966536,39.40590211
2012,456953,235.4978168,235.0601566,402.5692219,44488.83064,10.37974655,-120.0966536,39.40590211
2012,456953,235.4978168,235.0601566,402.5692219,44488.83064,10.37974655,-120.0966536,39.40590211
2012,456953,235.4978168,235.0601566,402.5692219,44488.83064,10.37974655,-120.0966536,39.40590211
2012,456953,235.4978168,235.0601566,402.5692219,44488.83064,10.37974655,-120.0966536,39.40590211
2012,456953,235.4978168,235.0601566,402.5692219,44488.83064,10.37974655,-120.0966536,39.40590211
2012,456953,235.4978168,235.0601566,402.5692219,44488.83064,10.37974655,-120.0966536,39.40590211
2012,456953,235.4978168,235.0601566,402.5692219,44488.83064,10.37974655,-120.0966536,39.40590211
2012,456953,235.4978168,235.0601566,402.5692219,44488.83064,10.37974655,-120.0966536,39.40590211
2012,456953,235.4978168,235.0601566,402.5692219,44488.83064,10.37974655,-120.0966536,39.40590211
2012,456953,235.4978168,235.0601566,402.5692219,44488.83064,10.37974655,-120.0966536,39.40590211
2012,456953,235.4978168,235.0601566,402.5692219,44488.83064,10.37974655,-120.0966536,39.40590211
2012,456953,235.4978168,235.0601566,402.5692219,44488.83064,10.37974655,-120.0966536,39.40590211
2012,456953,235.4978168,235.0601566,402.5692219,44488.83064,10.37974655,-120.0966536,39.40590211
2012,456953,235.4978168,235.0601566,402.5692219,44488.83064,10.37974655,-120.0966536,39.40590211
2012,456953,235.4978168,235.0601566,402.5692219,44488.83064,10.37974655,-120.0966536,39.40590211
2012,456953,235.4978168,235.0601566,402.5692219,44488.83064,10.37974655,-120.0966536,39.40590211
2012,456953,235.4978168,235.0601566,402.5692219,44488.83064,10.37974655,-120.0966536,39.40590211
2012,456953,235.4978168,235.0601566,402.5692219,44488.83064,10.37974655,-120.0966536,39.40590211
2012,456953,235.4978168,235.0601566,402.5692219,44488.83064,10.37974655,-120.0966536,39.40590211
2012,456953,235.4978168,235.0601566,402.5692219,44488.83064,10.37974655,-120.0966536,39.40590211
2012,456953,235.4978168,235.0601566,402.5692219,44488.83064,10.37974655,-120.0966536,39.40590211
2012,456953,235.4978168,235.0601566,402.5692219,44488.83064,10.37974655,-120.0966536,39.40590211
2012,456953,235.4978168,235.0601566,402.5692219,44488.83064,10.37974655,-120.0966536,39.40590211
2012,456953,235.4978168,235.0601566,402.5692219,44488.83064,10.37974655,-120.0966536,39.40590211
2012,456953,235.4978168,235.0601566,402.5692219,44488.83064,10.37974655,-120.0966536,39.40590211
2012,456953,235.4978168,235.0601566,402.5692219,44488.83064,10.37974655,-120.0966536,39.40590211
2012,456953,235.4978168,235.0601566,402.5692219,44488.83064,10.37974655,-120.0966536,39.40590211
2012,456953,235.4978168,235.0601566,402.5692219,44488.83064,10.37974655,-120.0966536,39.40590211
2012,456953,235.4978168,235.0601566,402.5692219,44488.83064,10.37974655,-120.0966536,39.40590211
2012,456953,235.4978168,235.0601566,402.5692219,44488.83064,10.37974655,-120.0966536,39.40590211
2012,456953,235.4978168,235.0601566,402.5692219,44488.83064,10.37974655,-120.0966536,39.40590211
2013,456953,235.4978168,239.6208505,421.0841479,48430.92968,10.55799505,-120.0966536,39.40590211
2013,456953,235.4978168,239.6208505,421.0841479,48430.92968,10.55799505,-120.0966536,39.40590211
2013,456953,235.4978168,239.6208505,421.0841479,48430.92968,10.55799505,-120.0966536,39.40590211
2013,456953,235.4978168,239.6208505,421.0841479,48430.92968,10.55799505,-120.0966536,39.40590211
2013,456953,235.4978168,239.6208505,421.0841479,48430.92968,10.55799505,-120.0966536,39.40590211
2013,456953,235.4978168,239.6208505,421.0841479,48430.92968,10.55799505,-120.0966536,39.40590211
2013,456953,235.4978168,239.6208505,421.0841479,48430.92968,10.55799505,-120.0966536,39.40590211
2013,456953,235.4978168,239.6208505,421.0841479,48430.92968,10.55799505,-120.0966536,39.40590211
2013,456953,235.4978168,239.6208505,421.0841479,48430.92968,10.55799505,-120.0966536,39.40590211
2013,456953,235.4978168,239.6208505,421.0841479,48430.92968,10.55799505,-120.0966536,39.40590211
2013,456953,235.4978168,239.6208505,421.0841479,48430.92968,10.55799505,-120.0966536,39.40590211
2013,456953,235.4978168,239.6208505,421.0841479,48430.92968,10.55799505,-120.0966536,39.40590211
2013,456953,235.4978168,239.6208505,421.0841479,48430.92968,10.55799505,-120.0966536,39.40590211
2013,456953,235.4978168,239.6208505,421.0841479,48430.92968,10.55799505,-120.0966536,39.40590211
2013,456953,235.4978168,239.6208505,421.0841479,48430.92968,10.55799505,-120.0966536,39.40590211
2013,456953,235.4978168,239.6208505,421.0841479,48430.92968,10.55799505,-120.0966536,39.40590211
2013,456953,235.4978168,239.6208505,421.0841479,48430.92968,10.55799505,-120.0966536,39.40590211
2013,456953,235.4978168,239.6208505,421.0841479,48430.92968,10.55799505,-120.0966536,39.40590211
2013,456953,235.4978168,239.6208505,421.0841479,48430.92968,10.55799505,-120.0966536,39.40590211
2013,456953,235.4978168,239.6208505,421.0841479,48430.92968,10.55799505,-120.0966536,39.40590211
2013,456953,235.4978168,239.6208505,421.0841479,48430.92968,10.55799505,-120.0966536,39.40590211
2013,456953,235.4978168,239.6208505,421.0841479,48430.92968,10.55799505,-120.0966536,39.40590211
2013,456953,235.4978168,239.6208505,421.0841479,48430.92968,10.55799505,-120.0966536,39.40590211
2013,456953,235.4978168,239.6208505,421.0841479,48430.92968,10.55799505,-120.0966536,39.40590211
2013,456953,235.4978168,239.6208505,421.0841479,48430.92968,10.55799505,-120.0966536,39.40590211
2013,456953,235.4978168,239.6208505,421.0841479,48430.92968,10.55799505,-120.0966536,39.40590211
2013,456953,235.4978168,239.6208505,421.0841479,48430.92968,10.55799505,-120.0966536,39.40590211
2013,456953,235.4978168,239.6208505,421.0841479,48430.92968,10.55799505,-120.0966536,39.40590211
2013,456953,235.4978168,239.6208505,421.0841479,48430.92968,10.55799505,-120.0966536,39.40590211
2013,456953,235.4978168,239.6208505,421.0841479,48430.92968,10.55799505,-120.0966536,39.40590211
2013,456953,235.4978168,239.6208505,421.0841479,48430.92968,10.55799505,-120.0966536,39.40590211
2013,456953,235.4978168,239.6208505,421.0841479,48430.92968,10.55799505,-120.0966536,39.40590211
2013,456953,235.4978168,239.6208505,421.0841479,48430.92968,10.55799505,-120.0966536,39.40590211
2013,456953,235.4978168,239.6208505,421.0841479,48430.92968,10.55799505,-120.0966536,39.40590211
2013,456953,235.4978168,239.6208505,421.0841479,48430.92968,10.55799505,-120.0966536,39.40590211
2013,456953,235.4978168,239.6208505,421.0841479,48430.92968,10.55799505,-120.0966536,39.40590211
2014,456953,235.4978168,177.9681689,224.2605916,14740.19265,8.109552121,-120.0966536,39.40590211
2014,456953,235.4978168,177.9681689,224.2605916,14740.19265,8.109552121,-120.0966536,39.40590211
2014,456953,235.4978168,177.9681689,224.2605916,14740.19265,8.109552121,-120.0966536,39.40590211
2014,456953,235.4978168,177.9681689,224.2605916,14740.19265,8.109552121,-120.0966536,39.40590211
2014,456953,235.4978168,177.9681689,224.2605916,14740.19265,8.109552121,-120.0966536,39.40590211
2014,456953,235.4978168,177.9681689,224.2605916,14740.19265,8.109552121,-120.0966536,39.40590211
2014,456953,235.4978168,177.9681689,224.2605916,14740.19265,8.109552121,-120.0966536,39.40590211
2014,456953,235.4978168,177.9681689,224.2605916,14740.19265,8.109552121,-120.0966536,39.40590211
2014,456953,235.4978168,177.9681689,224.2605916,14740.19265,8.109552121,-120.0966536,39.40590211
2014,456953,235.4978168,177.9681689,224.2605916,14740.19265,8.109552121,-120.0966536,39.40590211
2014,456953,235.4978168,177.9681689,224.2605916,14740.19265,8.109552121,-120.0966536,39.40590211
2014,456953,235.4978168,177.9681689,224.2605916,14740.19265,8.109552121,-120.0966536,39.40590211
2014,456953,235.4978168,177.9681689,224.2605916,14740.19265,8.109552121,-120.0966536,39.40590211
2014,456953,235.4978168,177.9681689,224.2605916,14740.19265,8.109552121,-120.0966536,39.40590211
2014,456953,235.4978168,177.9681689,224.2605916,14740.19265,8.109552121,-120.0966536,39.40590211
2014,456953,235.4978168,177.9681689,224.2605916,14740.19265,8.109552121,-120.0966536,39.40590211
2014,456953,235.4978168,177.9681689,224.2605916,14740.19265,8.109552121,-120.0966536,39.40590211
2014,456953,235.4978168,177.9681689,224.2605916,14740.19265,8.109552121,-120.0966536,39.40590211
2014,456953,235.4978168,177.9681689,224.2605916,14740.19265,8.109552121,-120.0966536,39.40590211
2014,456953,235.4978168,177.9681689,224.2605916,14740.19265,8.109552121,-120.0966536,39.40590211
2014,456953,235.4978168,177.9681689,224.2605916,14740.19265,8.109552121,-120.0966536,39.40590211
2014,456953,235.4978168,177.9681689,224.2605916,14740.19265,8.109552121,-120.0966536,39.40590211
2014,456953,235.4978168,177.9681689,224.2605916,14740.19265,8.109552121,-120.0966536,39.40590211
2014,456953,235.4978168,177.9681689,224.2605916,14740.19265,8.109552121,-120.0966536,39.40590211
2014,456953,235.4978168,177.9681689,224.2605916,14740.19265,8.109552121,-120.0966536,39.40590211
2014,456953,235.4978168,177.9681689,224.2605916,14740.19265,8.109552121,-120.0966536,39.40590211
2014,456953,235.4978168,177.9681689,224.2605916,14740.19265,8.109552121,-120.0966536,39.40590211
2014,456953,235.4978168,177.9681689,224.2605916,14740.19265,8.109552121,-120.0966536,39.40590211
2014,456953,235.4978168,177.9681689,224.2605916,14740.19265,8.109552121,-120.0966536,39.40590211
2014,456953,235.4978168,177.9681689,224.2605916,14740.19265,8.109552121,-120.0966536,39.40590211
2014,456953,235.4978168,177.9681689,224.2605916,14740.19265,8.109552121,-120.0966536,39.40590211
2014,456953,235.4978168,177.9681689,224.2605916,14740.19265,8.109552121,-120.0966536,39.40590211
2014,456953,235.4978168,177.9681689,224.2605916,14740.19265,8.109552121,-120.0966536,39.40590211
2014,456953,235.4978168,177.9681689,224.2605916,14740.19265,8.109552121,-120.0966536,39.40590211
2014,456953,235.4978168,177.9681689,224.2605916,14740.19265,8.109552121,-120.0966536,39.40590211
2014,456953,235.4978168,177.9681689,224.2605916,14740.19265,8.109552121,-120.0966536,39.40590211
2015,456953,235.4978168,176.5479021,166.3084669,8382.090092,8.052048276,-120.0966536,39.40590211
2015,456953,235.4978168,176.5479021,166.3084669,8382.090092,8.052048276,-120.0966536,39.40590211
2015,456953,235.4978168,176.5479021,166.3084669,8382.090092,8.052048276,-120.0966536,39.40590211
2015,456953,235.4978168,176.5479021,166.3084669,8382.090092,8.052048276,-120.0966536,39.40590211
2015,456953,235.4978168,176.5479021,166.3084669,8382.090092,8.052048276,-120.0966536,39.40590211
2015,456953,235.4978168,176.5479021,166.3084669,8382.090092,8.052048276,-120.0966536,39.40590211
2015,456953,235.4978168,176.5479021,166.3084669,8382.090092,8.052048276,-120.0966536,39.40590211
2015,456953,235.4978168,176.5479021,166.3084669,8382.090092,8.052048276,-120.0966536,39.40590211
2015,456953,235.4978168,176.5479021,166.3084669,8382.090092,8.052048276,-120.0966536,39.40590211
2015,456953,235.4978168,176.5479021,166.3084669,8382.090092,8.052048276,-120.0966536,39.40590211
2015,456953,235.4978168,176.5479021,166.3084669,8382.090092,8.052048276,-120.0966536,39.40590211
2015,456953,235.4978168,176.5479021,166.3084669,8382.090092,8.052048276,-120.0966536,39.40590211
2015,456953,235.4978168,176.5479021,166.3084669,8382.090092,8.052048276,-120.0966536,39.40590211
2015,456953,235.4978168,176.5479021,166.3084669,8382.090092,8.052048276,-120.0966536,39.40590211
2015,456953,235.4978168,176.5479021,166.3084669,8382.090092,8.052048276,-120.0966536,39.40590211
2015,456953,235.4978168,176.5479021,166.3084669,8382.090092,8.052048276,-120.0966536,39.40590211
2015,456953,235.4978168,176.5479021,166.3084669,8382.090092,8.052048276,-120.0966536,39.40590211
2015,456953,235.4978168,176.5479021,166.3084669,8382.090092,8.052048276,-120.0966536,39.40590211
2015,456953,235.4978168,176.5479021,166.3084669,8382.090092,8.052048276,-120.0966536,39.40590211
2015,456953,235.4978168,176.5479021,166.3084669,8382.090092,8.052048276,-120.0966536,39.40590211
2015,456953,235.4978168,176.5479021,166.3084669,8382.090092,8.052048276,-120.0966536,39.40590211
2015,456953,235.4978168,176.5479021,166.3084669,8382.090092,8.052048276,-120.0966536,39.40590211
2015,456953,235.4978168,176.5479021,166.3084669,8382.090092,8.052048276,-120.0966536,39.40590211
2015,456953,235.4978168,176.5479021,166.3084669,8382.090092,8.052048276,-120.0966536,39.40590211
2015,456953,235.4978168,176.5479021,166.3084669,8382.090092,8.052048276,-120.0966536,39.40590211
2015,456953,235.4978168,176.5479021,166.3084669,8382.090092,8.052048276,-120.0966536,39.40590211
2015,456953,235.4978168,176.5479021,166.3084669,8382.090092,8.052048276,-120.0966536,39.40590211
2015,456953,235.4978168,176.5479021,166.3084669,8382.090092,8.052048276,-120.0966536,39.40590211
2015,456953,235.4978168,176.5479021,166.3084669,8382.090092,8.052048276,-120.0966536,39.40590211
2015,456953,235.4978168,176.5479021,166.3084669,8382.090092,8.052048276,-120.0966536,39.40590211
2015,456953,235.4978168,176.5479021,166.3084669,8382.090092,8.052048276,-120.0966536,39.40590211
2015,456953,235.4978168,176.5479021,166.3084669,8382.090092,8.052048276,-120.0966536,39.40590211
2015,456953,235.4978168,176.5479021,166.3084669,8382.090092,8.052048276,-120.0966536,39.40590211
2015,456953,235.4978168,176.5479021,166.3084669,8382.090092,8.052048276,-120.0966536,39.40590211
2015,456953,235.4978168,176.5479021,166.3084669,8382.090092,8.052048276,-120.0966536,39.40590211
2015,456953,235.4978168,176.5479021,166.3084669,8382.090092,8.052048276,-120.0966536,39.40590211
2001,457120,0.707671199,162.0165128,6226.338013,7833679.241,50.96434779,-119.086394,39.42952999
2002,457120,0.707671199,162.1778062,5723.141742,6681346.806,51.00944534,-119.086394,39.42952999
2003,457120,0.707671199,162.1679172,5359.475467,5902412.243,51.00668054,-119.086394,39.42952999
2004,457120,0.707671199,162.3120847,5386.680476,5959109.664,51.04698538,-119.086394,39.42952999
2006,457120,0.707671199,159.340402,9086.510985,15992926.91,50.21530991,-119.086394,39.42952999
2007,457120,0.707671199,162.0346019,5080.099518,5334953.36,50.96940579,-119.086394,39.42952999
2008,457120,0.707671199,162.7420926,4075.901117,3519935.052,51.16717677,-119.086394,39.42952999
2009,457120,0.707671199,162.1369571,4349.384175,3979123.577,50.99802447,-119.086394,39.42952999
2010,457120,0.707671199,161.8101355,4824.741585,4839942.621,50.9066369,-119.086394,39.42952999
2011,457120,0.707671199,160.5319112,6734.826612,9085290.583,50.54899769,-119.086394,39.42952999
2012,457120,0.707671199,162.6682273,5163.553183,5501635.107,51.14653343,-119.086394,39.42952999
2013,457120,0.707671199,162.4418079,4818.252951,4827660.044,51.08324836,-119.086394,39.42952999
2014,457120,0.707671199,162.6847603,2972.424262,1939318.685,51.15115406,-119.086394,39.42952999
2015,457120,0.707671199,163.3884002,1537.539946,558611.6178,51.34775366,-119.086394,39.42952999
2001,457191,1.596986368,3.366601181,3.668807209,6.250152447,0.815705393,-120.135333,39.4781855
2002,457191,1.596986368,3.075803214,4.799295977,10.37874337,0.700775682,-120.135333,39.4781855
2003,457191,1.596986368,3.091799568,5.554631502,13.67723501,0.707146545,-120.135333,39.4781855
2004,457191,1.596986368,3.723028689,4.432060678,8.930360792,0.954240982,-120.135333,39.4781855
2005,457191,1.596986368,3.200982552,6.13533571,16.50186894,0.750475342,-120.135333,39.4781855
2006,457191,1.596986368,3.263116774,9.781994908,39.81489934,0.775015449,-120.135333,39.4781855
2007,457191,1.596986368,5.407305328,3.971837126,7.260517333,1.582659055,-120.135333,39.4781855
2008,457191,1.596986368,5.487320172,3.977384251,7.279675012,1.611655394,-120.135333,39.4781855
2009,457191,1.596986368,5.378279606,4.363360946,8.670795588,1.572124144,-120.135333,39.4781855
2010,457191,1.596986368,5.398231238,5.164036582,11.91816015,1.579366549,-120.135333,39.4781855
2011,457191,1.596986368,4.68551799,9.999407754,41.50220876,1.31790871,-120.135333,39.4781855
2012,457191,1.596986368,7.241116371,4.820821379,10.46681012,2.232744619,-120.135333,39.4781855
2013,457191,1.596986368,8.671157128,4.060863386,7.570845758,2.722669127,-120.135333,39.4781855
2014,457191,1.596986368,10.72182591,3.001333992,4.277860518,3.405845603,-120.135333,39.4781855
2015,457191,1.596986368,11.92038116,3.048334284,4.405225558,3.796580327,-120.135333,39.4781855
2001,461718,0.080547944,40.53221937,83.49901349,2282.257012,20.12726609,-119.2891239,47.10849659
2002,461718,0.080547944,37.285837,75.73681547,1898.264773,18.64206525,-119.2891239,47.10849659
2003,461718,0.080547944,41.55189962,87.29580928,2482.149957,20.59064768,-119.2891239,47.10849659
2004,461718,0.080547944,41.36223222,82.31347449,2221.460273,20.50456396,-119.2891239,47.10849659
2005,461718,0.080547944,41.40129377,92.92223365,2792.837169,20.52229671,-119.2891239,47.10849659
2006,461718,0.080547944,42.99536835,123.2528281,4760.745465,21.24420381,-119.2891239,47.10849659
2007,461718,0.080547944,52.59714416,237.1284661,16377.72887,25.52672764,-119.2891239,47.10849659
2008,461718,0.080547944,42.66860693,126.0534583,4967.05528,21.09649936,-119.2891239,47.10849659
2009,461718,0.080547944,40.78411289,118.6188155,4428.436269,20.24186999,-119.2891239,47.10849659
2010,461718,0.080547944,44.44798004,97.10019246,3034.656595,21.89914689,-119.2891239,47.10849659
2011,461718,0.080547944,44.33942318,122.598046,4713.104726,21.85029468,-119.2891239,47.10849659
2012,461718,0.080547944,42.86825576,94.30828972,2872.014689,21.18676236,-119.2891239,47.10849659
2013,461718,0.080547944,41.9578316,146.8510885,6627.101731,20.77472244,-119.2891239,47.10849659
2014,461718,0.080547944,41.52804092,133.3773853,5525.985318,20.57982171,-119.2891239,47.10849659
2015,461718,0.080547944,41.79896078,156.9099954,7510.197148,20.7027071,-119.2891239,47.10849659
2001,462322,1.332054828,44.26363598,73.5651251,1796.802227,13.83493208,-119.2875702,46.90986986
2002,462322,1.332054828,36.65040129,69.79583419,1626.937791,11.63650584,-119.2875702,46.90986986
2003,462322,1.332054828,33.97062889,74.53606942,1841.841238,10.84953816,-119.2875702,46.90986986
2004,462322,1.332054828,31.9031466,72.28121814,1738.051902,10.23705458,-119.2875702,46.90986986
2005,462322,1.332054828,30.27892982,82.69895218,2241.143597,9.752379315,-119.2875702,46.90986986
2006,462322,1.332054828,29.00721987,103.4958102,3423.068006,9.370601926,-119.2875702,46.90986986
2007,462322,1.332054828,27.43811535,142.1838178,6235.036266,8.896600916,-119.2875702,46.90986986
2008,462322,1.332054828,27.7828433,104.471062,3484.225813,9.001026016,-119.2875702,46.90986986
2009,462322,1.332054828,28.42010266,102.3103332,3349.413411,9.193633767,-119.2875702,46.90986986
2010,462322,1.332054828,32.94303256,86.37233842,2432.805132,10.54572177,-119.2875702,46.90986986
2011,462322,1.332054828,34.64054511,106.8219253,3633.739774,11.04698026,-119.2875702,46.90986986
2012,462322,1.332054828,37.75928433,83.60886504,2287.929487,11.96001521,-119.2875702,46.90986986
2013,462322,1.332054828,39.9890641,124.0043695,4815.703928,12.60698614,-119.2875702,46.90986986
2014,462322,1.332054828,46.58144026,116.5136914,4281.216662,14.4945187,-119.2875702,46.90986986
2015,462322,1.332054828,54.15215384,134.2098284,5591.285341,16.62175956,-119.2875702,46.90986986
2001,463477,0.01369863,54.04250979,19381.62483,66850735.93,29.57058306,-113.2178667,42.62895427
2002,463477,0.01369863,54.82794775,18078.38226,58617482.91,29.96011367,-113.2178667,42.62895427
2003,463477,0.01369863,54.14020526,17977.52637,58001567.69,29.61907211,-113.2178667,42.62895427
2004,463477,0.01369863,53.299898,16121.32048,47214598.53,29.20164776,-113.2178667,42.62895427
2005,463477,0.01369863,55.30652018,17004.10229,52214620.09,30.19711875,-113.2178667,42.62895427
2006,463477,0.01369863,48.80116065,24071.71808,100649166.7,26.95265405,-113.2178667,42.62895427
2007,463477,0.01369863,53.01412988,21538.40577,81587984.93,29.05950701,-113.2178667,42.62895427
2008,463477,0.01369863,54.24194484,19940.28883,70535536.41,29.66955689,-113.2178667,42.62895427
2009,463477,0.01369863,48.65705328,26255.80179,118584153.2,26.88019913,-113.2178667,42.62895427
2010,463477,0.01369863,53.98198543,22913.94189,91704505.38,29.54053766,-113.2178667,42.62895427
2011,463477,0.01369863,46.69374434,38291.48681,241794243.2,25.89038821,-113.2178667,42.62895427
2012,463477,0.01369863,53.76533773,34737.64501,201175451.1,29.4329556,-113.2178667,42.62895427
2013,463477,0.01369863,53.05443871,19308.70232,66376624,29.0795623,-113.2178667,42.62895427
2014,463477,0.01369863,52.32691939,19676.95667,68787081.69,28.71730007,-113.2178667,42.62895427
2015,463477,0.01369863,52.45247839,21584.52771,81918173.86,28.77986539,-113.2178667,42.62895427
2001,464344,1.030136986,19.60057597,313.3848015,27726.43952,6.863452192,-116.1142762,44.5675614
2002,464344,1.030136986,19.16165636,559.8574379,82927.65493,6.715889154,-116.1142762,44.5675614
2003,464344,1.030136986,18.72340344,635.2451392,105266.2121,6.568110901,-116.1142762,44.5675614
2004,464344,1.030136986,19.43175406,544.8218892,78772.80758,6.806746277,-116.1142762,44.5675614
2005,464344,1.030136986,19.42869912,480.9134212,62239.1353,6.805719563,-116.1142762,44.5675614
2006,464344,1.030136986,18.76937014,766.4146196,150042.0909,6.583631776,-116.1142762,44.5675614
2007,464344,1.030136986,19.85776098,498.1137872,66508.84444,6.94971694,-116.1142762,44.5675614
2008,464344,1.030136986,18.51711915,649.9260191,109906.6581,6.498396652,-116.1142762,44.5675614
2009,464344,1.030136986,18.7576727,572.3609976,86459.2221,6.57968255,-116.1142762,44.5675614
2010,464344,1.030136986,18.4708714,532.9497887,75563.19557,6.482753255,-116.1142762,44.5675614
2011,464344,1.030136986,17.81393375,744.4185886,142015.212,6.259983413,-116.1142762,44.5675614
2012,464344,1.030136986,19.06312065,653.3333381,110997.124,6.682701746,-116.1142762,44.5675614
2013,464344,1.030136986,19.29305886,551.2627036,80540.33037,6.760111789,-116.1142762,44.5675614
2014,464344,1.030136986,19.09747598,601.8194936,95052.86156,6.694275353,-116.1142762,44.5675614
2015,464344,1.030136986,20.60377372,443.1073377,53324.38694,7.199132457,-116.1142762,44.5675614
2001,467587,0.080273971,8.923272993,60.28478193,1233.801669,4.626706138,-122.1345013,45.4501448
2002,467587,0.080273971,10.04363979,106.2767715,3598.805116,5.243521269,-122.1345013,45.4501448
2003,467587,0.080273971,10.38529706,78.24141406,2018.530245,5.429664421,-122.1345013,45.4501448
2004,467587,0.080273971,10.58368467,94.04970666,2857.16432,5.537360311,-122.1345013,45.4501448
2005,467587,0.080273971,9.689187545,66.26777747,1475.153078,5.049473618,-122.1345013,45.4501448
2006,467587,0.080273971,11.19522043,108.1844038,3721.744158,5.86761211,-122.1345013,45.4501448
2007,467587,0.080273971,13.84189034,147.520428,6684.249654,7.270390611,-122.1345013,45.4501448
2008,467587,0.080273971,11.70283948,150.1492622,6910.93013,6.139864905,-122.1345013,45.4501448
2009,467587,0.080273971,13.80470289,153.9157406,7241.897227,7.250948086,-122.1345013,45.4501448
2010,467587,0.080273971,11.08195394,110.9521868,3903.565531,5.806635205,-122.1345013,45.4501448
2011,467587,0.080273971,14.46658018,211.603389,13208.85726,7.595966447,-122.1345013,45.4501448
2012,467587,0.080273971,13.57327157,173.9604338,9125.125851,7.129791437,-122.1345013,45.4501448
2013,467587,0.080273971,12.25768826,145.6185868,6522.475298,6.435613855,-122.1345013,45.4501448
2014,467587,0.080273971,13.60346155,159.5316347,7748.874658,7.145611814,-122.1345013,45.4501448
2015,467587,0.080273971,11.78264749,83.41314476,2277.827567,6.182520193,-122.1345013,45.4501448
2001,467780,0.151506847,9.203536937,16.77086731,110.1812004,4.459646328,-122.0669318,45.48538886
2002,467780,0.151506847,10.81155967,35.0997573,444.3439354,5.279159289,-122.0669318,45.48538886
2003,467780,0.151506847,11.8079352,29.55383767,321.1405573,5.77838404,-122.0669318,45.48538886
2004,467780,0.151506847,12.8569737,36.25301914,472.3115704,6.297829516,-122.0669318,45.48538886
2005,467780,0.151506847,12.98814425,26.88467434,268.5815931,6.362367939,-122.0669318,45.48538886
2006,467780,0.151506847,14.75095998,44.21502861,687.120793,7.221599715,-122.0669318,45.48538886
2007,467780,0.151506847,16.3717156,50.46289994,881.8921921,7.999548683,-122.0669318,45.48538886
2008,467780,0.151506847,15.61281729,58.51152416,1166.174277,7.636618195,-122.0669318,45.48538886
2009,467780,0.151506847,16.68032042,56.77521403,1101.696281,8.146494431,-122.0669318,45.48538886
2010,467780,0.151506847,14.88053853,47.8074792,796.3231084,7.284198262,-122.0669318,45.48538886
2011,467780,0.151506847,15.9126923,62.21092604,1309.287821,7.78030078,-122.0669318,45.48538886
2012,467780,0.151506847,14.76640357,55.00170299,1037.620639,7.229064239,-122.0669318,45.48538886
2013,467780,0.151506847,13.53928815,47.74548583,794.3745289,6.632594355,-122.0669318,45.48538886
2014,467780,0.151506847,12.81502029,42.78389057,645.7323545,6.277168927,-122.0669318,45.48538886
2015,467780,0.151506847,10.8632915,26.20986947,255.9950397,5.305229866,-122.0669318,45.48538886
2001,468740,0.568493151,158.9396442,6350.35298,8130885.696,52.28974757,-122.6931334,45.40995
2002,468740,0.568493151,167.3644157,26540.26111,121021597.1,54.74622256,-122.6931334,45.40995
2003,468740,0.568493151,162.6449829,21505.43488,81352329.48,53.37203771,-122.6931334,45.40995
2004,468740,0.568493151,173.675422,16922.8193,51744352.92,56.57653522,-122.6931334,45.40995
2005,468740,0.568493151,150.5128869,10103.6755,19540547.56,49.8168445,-122.6931334,45.40995
2006,468740,0.568493151,162.275945,27486.93666,129301104.6,53.26438074,-122.6931334,45.40995
2007,468740,0.568493151,165.6867103,22503.46081,88627398.16,54.25826007,-122.6931334,45.40995
2008,468740,0.568493151,166.8956898,22435.63639,88123720.61,54.609953,-122.6931334,45.40995
2009,468740,0.568493151,162.4666651,14124.98304,36785299.08,53.32002195,-122.6931334,45.40995
2010,468740,0.568493151,157.4495315,21924.47486,84371208.47,51.85364235,-122.6931334,45.40995
2011,468740,0.568493151,157.5101637,28998.43245,143053202.3,51.87139706,-122.6931334,45.40995
2012,468740,0.568493151,155.0464424,23535.29965,96456274.19,51.14928291,-122.6931334,45.40995
2013,468740,0.568493151,161.9136531,19789.16875,69529615.52,53.15866287,-122.6931334,45.40995
2014,468740,0.568493151,152.3798433,17455.7592,54864121.42,50.36613522,-122.6931334,45.40995
2015,468740,0.568493151,170.5350985,18246.90212,59653439.59,55.66680706,-122.6931334,45.40995
2001,472271,1.674246508,44.63089667,502.2002702,67542.81665,13.18944382,-122.2426414,47.61077965
2002,472271,1.674246508,51.20668607,1291.70467,402021.0756,14.94847103,-122.2426414,47.61077965
2003,472271,1.674246508,34.08117971,681.8555031,120323.5303,10.29644059,-122.2426414,47.61077965
2004,472271,1.674246508,32.32697361,884.7182892,196752.7482,9.805237806,-122.2426414,47.61077965
2005,472271,1.674246508,26.78947708,719.3431323,133118.2357,8.231416566,-122.2426414,47.61077965
2006,472271,1.674246508,33.002459,1198.827674,349189.7797,9.994770972,-122.2426414,47.61077965
2007,472271,1.674246508,36.40791267,1418.312938,479648.5825,10.94310057,-122.2426414,47.61077965
2008,472271,1.674246508,17.60884533,1029.228162,261807.9579,5.522679147,-122.2426414,47.61077965
2009,472271,1.674246508,32.75606606,1223.594089,362935.2747,9.925693168,-122.2426414,47.61077965
2010,472271,1.674246508,14.24736356,881.8207025,195537.8227,4.487872987,-122.2426414,47.61077965
2011,472271,1.674246508,23.16203818,1715.697582,687086.6728,7.178227882,-122.2426414,47.61077965
2012,472271,1.674246508,14.52896756,1346.43641,434788.1326,4.575714204,-122.2426414,47.61077965
2013,472271,1.674246508,13.43517704,1186.995936,342711.2774,4.233205549,-122.2426414,47.61077965
2014,472271,1.674246508,15.01811478,1323.033268,420629.2735,4.727759232,-122.2426414,47.61077965
2015,472271,1.674246508,15.11779302,1059.930018,276748.7671,4.758661544,-122.2426414,47.61077965
