"","lagoslakeid","water_year","totaldepnitrogen_kgperha","flux","lake_lon_decdeg","lake_lat_decdeg","totTNload_gm2yr","TN_removal_gNm2yr"
"1","328600",2001,2.4107116392,93868.0903148946,-106.78870163,45.0848216528,9387.05010265338,17006338.6582599
"2","328600",2002,2.7585894327,64813.0424986238,-106.78870163,45.0848216528,6481.58010880565,8451038.3973459
"3","328600",2003,2.9008652876,158230.200069565,-106.78870163,45.0848216528,15823.3100934853,45580213.2179017
"4","328600",2004,2.3157327611,50749.5761346596,-106.78870163,45.0848216528,5075.18918674207,5325221.13197774
"5","328600",2005,3.0379026498,149446.825269404,-106.78870163,45.0848216528,14944.9863172054,40921123.6556699
"6","328600",2006,2.6418863114,54385.5310289919,-106.78870163,45.0848216528,5438.81729153033,6068479.13951517
"7","328600",2007,3.361107778,189452.021825277,-106.78870163,45.0848216528,18945.5382933055,64039136.0083095
"8","328600",2008,3.1440373876,194493.913031225,-106.78870163,45.0848216528,19449.7057068613,67294801.8850635
"9","328600",2009,3.4774475027,149818.861527631,-106.78870163,45.0848216528,14982.2338975134,41113902.7670539
"10","328600",2010,2.9976421159,168526.5209507,-106.78870163,45.0848216528,16852.9518592816,51341730.8978249
"11","328600",2011,2.8481746624,311960.629679046,-106.78870163,45.0848216528,31196.3477853708,164212484.982658
"12","328600",2012,2.5679686656,142670.118570202,-106.78870163,45.0848216528,14267.2686538868,37488071.1614166
"13","328600",2013,3.623480782,134096.691609172,-106.78870163,45.0848216528,13410.0315089954,33348924.0968863
"14","328600",2014,3.2128687196,394028.155855037,-106.78870163,45.0848216528,39403.1368723757,255218752.014701
"15","328600",2015,3.2119464786,387542.342329264,-106.78870163,45.0848216528,38754.5554275743,247344889.462471
"16","336493",2001,5.5969692752,10121.5206005662,-103.520834158,44.0797847753,1012.71175698414,253931.907037162
"17","336493",2002,5.385816937,8756.65570760758,-103.520834158,44.0797847753,876.204152454458,193192.949923389
"18","336493",2003,5.0310323747,7406.9356679197,-103.520834158,44.0797847753,741.19667002944,140856.898466823
"19","336493",2004,4.981366896,5635.71381847727,-103.520834158,44.0797847753,564.069518537327,84109.5971809877
"20","336493",2005,5.3385507985,4710.32598409676,-103.520834158,44.0797847753,471.566453489526,59974.8577877306
"21","336493",2006,5.8453495628,5325.37001489637,-103.520834158,44.0797847753,533.121536445917,75609.1795805705
"22","336493",2007,6.5666758541,4651.97684354825,-103.520834158,44.0797847753,465.854351940235,58610.5624882548
"23","336493",2008,7.4554544064,4974.83506977363,-103.520834158,44.0797847753,498.229052418003,66537.9062872795
"24","336493",2009,5.3122836387,7367.41364328289,-103.520834158,44.0797847753,737.272592692159,139452.179822437
"25","336493",2010,5.6209428969,10469.3134245649,-103.520834158,44.0797847753,1047.49343674618,270649.616865293
"26","336493",2011,5.9660112872,15462.9544836749,-103.520834158,44.0797847753,1546.89204949621,565044.322351669
"27","336493",2012,5.1473190681,11905.8549418473,-103.520834158,44.0797847753,1191.10022609154,344952.128711793
"28","336493",2013,7.731788642,9312.06603937339,-103.520834158,44.0797847753,931.979782801539,217067.657812966
"29","336493",2014,6.0721963661,11918.0856497131,-103.520834158,44.0797847753,1192.41578460792,345671.84805791
"30","336493",2015,6.2900106665,15515.9868429744,-103.520834158,44.0797847753,1552.22768536409,568729.876853745
"31","341691",2001,4.4990885919,128186.492643331,-102.271271758,45.7783648482,12819.0991731923,30628589.5373162
"32","341691",2002,4.0273014557,7169.01637313797,-102.271271758,45.7783648482,717.304367459367,132406.774646853
"33","341691",2003,5.2339319851,11705.2424438546,-102.271271758,45.7783648482,1171.04763758397,334069.106860846
"34","341691",2004,3.9312147066,65244.8812642772,-102.271271758,45.7783648482,6524.88124789838,8557954.76563885
"35","341691",2005,4.7333622524,4657.36861932601,-102.271271758,45.7783648482,466.210198157841,58695.122475778
"36","341691",2006,4.5217132422,21124.1426394213,-102.271271758,45.7783648482,2112.86643526635,1018020.81949999
"37","341691",2007,4.8812006409,7482.1424789295,-102.271271758,45.7783648482,748.70236795704,143562.183878694
"38","341691",2008,5.8045070435,2449.07084230658,-102.271271758,45.7783648482,245.487534935008,17484.8479838964
"39","341691",2009,4.4913733551,306165.640992082,-102.271271758,45.7783648482,30617.0132365437,158502136.16912
"40","341691",2010,5.5666133057,68052.11566428,-102.271271758,45.7783648482,6805.76822775857,9266829.15388119
"41","341691",2011,4.6507670215,246439.457872896,-102.271271758,45.7783648482,24644.4108639918,105218096.194087
"42","341691",2012,4.3076810744,17822.624506424,-102.271271758,45.7783648482,1782.69321874984,738621.671843828
"43","341691",2013,6.8561893216,57735.8601192107,-102.271271758,45.7783648482,5774.27163085323,6794496.36110989
"44","341691",2014,5.0036155405,229822.922656342,-102.271271758,45.7783648482,22982.7926271883,92225469.7492935
"45","341691",2015,4.8799401037,61783.5767388464,-102.271271758,45.7783648482,6178.84566789501,7721241.44681552
"46","360319",2001,5.9962778449,27049.5459595452,-105.327489798,39.6320333818,2705.55422373901,1623719.05867749
"47","360319",2002,5.4943558904,14011.4539307132,-105.327489798,39.6320333818,1401.69482866036,469092.67109685
"48","360319",2003,5.7182800882,30899.3386349622,-105.327489798,39.6320333818,3090.50569150504,2087342.9469453
"49","360319",2004,6.2586844278,27542.2854006258,-105.327489798,39.6320333818,2754.85440850536,1680034.87302048
"50","360319",2005,4.9600816255,30766.5084733387,-105.327489798,39.6320333818,3077.14685549642,2070339.8562669
"51","360319",2006,5.9559405125,16111.196804579,-105.327489798,39.6320333818,1611.71527450915,610582.719063525
"52","360319",2007,6.2271780366,39968.3336942593,-105.327489798,39.6320333818,3997.45608722959,3393118.57668838
"53","360319",2008,4.6000138132,18110.5726059679,-105.327489798,39.6320333818,1811.51726197811,761332.610121846
"54","360319",2009,4.3882654705,16497.2513844744,-105.327489798,39.6320333818,1650.16396499449,638375.993037328
"55","360319",2010,4.0589245362,16641.9368490908,-105.327489798,39.6320333818,1664.5995773627,648961.153797068
"56","360319",2011,4.4703843372,12192.6465841521,-105.327489798,39.6320333818,1219.71169684893,360764.032358047
"57","360319",2012,4.8310249594,9965.91601895655,-105.327489798,39.6320333818,997.074704391595,246579.558699042
"58","360319",2013,5.2736751957,26702.5776011317,-105.327489798,39.6320333818,2670.78512763274,1584545.68836943
"59","360319",2014,4.8146381167,20893.8043287896,-105.327489798,39.6320333818,2089.86189669063,997194.046524317
"60","360319",2015,5.485471911,35645.2463270463,-105.327489798,39.6320333818,3565.07317989573,2733573.05639282
"61","361058",2001,6.1629836559,34208.7182452191,-105.06654412,39.5503730147,3421.4881228875,2529422.07490662
"62","361058",2002,5.630080206,15485.0349162997,-105.06654412,39.5503730147,1549.06649965057,566544.948460029
"63","361058",2003,6.5237379023,70208.9406005329,-105.06654412,39.5503730147,7021.54643384352,9829372.30901252
"64","361058",2004,6.7675092699,29583.4956075738,-105.06654412,39.5503730147,2959.02631168437,1922847.07718996
"65","361058",2005,5.5049177679,46301.1960006203,-105.06654412,39.5503730147,4630.67009183882,4478933.65255368
"66","361058",2006,6.9015364973,51844.9819270467,-105.06654412,39.5503730147,5185.1883463544,5545240.48242601
"67","361058",2007,6.6943918083,63042.2170903052,-105.06654412,39.5503730147,6304.89114821135,8021330.42615102
"68","361058",2008,5.2548831863,45093.9733155067,-105.06654412,39.5503730147,4509.9228198693,4260974.76120991
"69","361058",2009,5.7822544481,42042.8209058358,-105.06654412,39.5503730147,4204.86031602839,3733163.48913976
"70","361058",2010,4.9767893809,24064.1864915138,-105.06654412,39.5503730147,2406.91632808947,1301977.18415315
"71","361058",2011,5.2532164439,36468.053684623,-105.06654412,39.5503730147,3647.33069010669,2853879.98875324
"72","361058",2012,5.3658069477,7081.73525921329,-105.06654412,39.5503730147,708.710106616099,129427.38735895
"73","361058",2013,5.6718129551,7289.99120188847,-105.06654412,39.5503730147,729.566301484357,136712.808467097
"74","361058",2014,6.1296395158,7413.74883455003,-105.06654412,39.5503730147,741.987847406583,141140.921698046
"75","361058",2015,6.6929065363,3250.13628994761,-105.06654412,39.5503730147,325.682919648391,29816.5849901584
"76","361261",2003,6.1620931827,1296.4758648901,-103.814832325,41.2238082424,130.26379580728,5284.94541623211
"77","361261",2004,5.620061052,803.172590008867,-103.814832325,41.2238082424,80.8792651060867,2148.94420931255
"78","361261",2005,5.5389637158,415.681865677458,-103.814832325,41.2238082424,42.1220829393258,627.002328401336
"79","361261",2006,5.8748179126,129.755542851953,-103.814832325,41.2238082424,13.5630360764553,73.7947538846381
"80","361261",2007,5.6347374136,0.623392906799541,-103.814832325,41.2238082424,0.625813032039954,0.221647597819579
"81","361261",2008,4.8523967942,2.9695401780458,-103.814832325,41.2238082424,0.78219369722458,0.337726114048462
"82","361261",2009,6.0237940883,278.434915029761,-103.814832325,41.2238082424,28.4458709118061,298.787532967526
"83","361261",2010,3.9958372126,1335.93900700663,-103.814832325,41.2238082424,133.993484421923,5574.27979078983
"84","361261",2011,5.7094672551,671.512498931039,-103.814832325,41.2238082424,67.7221966186139,1536.87828612372
"85","361261",2012,4.0226055177,6288978511.41908,-103.814832325,41.2238082424,628897851.544169,22017758845401896
"86","361261",2013,5.1656517637,10888481418965.3,-103.814832325,41.2238082424,1088848141897.05,2.86573502949974e+22
"87","361261",2014,5.6459981047,11434378388.8699,-103.814832325,41.2238082424,1143437839.45159,68075411031283792
"88","367583",2001,8.5354084968,16275.3145926823,-99.95713538,39.7971327745,1628.38500011791,622561.248253321
"89","367583",2002,6.4556860721,3190.78267546437,-99.95713538,39.7971327745,319.723836153647,28794.8778894152
"90","367583",2003,8.6810616026,1331.10900556118,-99.95713538,39.7971327745,133.979006716378,5573.14265186642
"91","367583",2004,8.9703585744,483.016930106229,-99.95713538,39.7971327745,49.1987288680629,840.642969975197
"92","367583",2005,9.3777050098,2660.40234114331,-99.95713538,39.7971327745,266.978004615311,20486.9046303904
"93","367583",2006,9.3289101471,1840.22211367085,-99.95713538,39.7971327745,184.955102381795,10244.5467052611
"94","367583",2007,8.9926677152,5242.04573251376,-99.95713538,39.7971327745,525.103840022896,73476.5485041384
"95","367583",2008,10.8203362621,12142.6606559615,-99.95713538,39.7971327745,1215.34809922236,358330.989844254
"96","367583",2009,10.0115861854,5294.41793984387,-99.95713538,39.7971327745,530.442952602927,74893.5094989999
"97","367583",2010,8.8123854061,21666.8253104606,-99.95713538,39.7971327745,2167.56376958667,1068352.29134276
"98","367583",2011,11.759173405,10666.4039097835,-99.95713538,39.7971327745,1067.81630831885,280649.470511025
"99","367583",2012,8.2217478118,7974.07423398692,-99.95713538,39.7971327745,798.229598179872,162018.625669822
"100","367583",2013,9.6656559884,2350.5317559452,-99.95713538,39.7971327745,236.01974119336,16233.444088067
"101","367583",2014,8.5039211019,1345.31251452222,-99.95713538,39.7971327745,135.381643562412,5683.81820981553
"102","367583",2015,9.0857364723,4291.52914243546,-99.95713538,39.7971327745,430.061487890776,50398.9070819542
"103","367842",2001,6.7564831431,67074.0296000168,-101.109518959,40.1575724083,6708.07860831599,9017281.5494729
"104","367842",2002,5.9020369438,35124.0614190997,-101.109518959,40.1575724083,3512.99634560435,2658668.44976089
"105","367842",2003,7.9817748118,25840.941693499,-101.109518959,40.1575724083,2584.89234683108,1489704.38254427
"106","367842",2004,8.59542347,14984.6476882329,-101.109518959,40.1575724083,1499.32431117029,532685.96907052
"107","367842",2005,7.3614550168,15481.7336883123,-101.109518959,40.1575724083,1548.90951433291,566436.547446633
"108","367842",2006,7.5127761993,15286.0370951254,-101.109518959,40.1575724083,1529.35498713247,553010.154174134
"109","367842",2007,8.4474426624,20031.2729855885,-101.109518959,40.1575724083,2003.97204282509,921227.59661833
"110","367842",2008,8.2439392677,14137.2768989445,-101.109518959,40.1575724083,1414.55208382122,477249.995940745
"111","367842",2009,9.2287667901,32294.7015071607,-101.109518959,40.1575724083,3230.39302739508,2269313.2719231
"112","367842",2010,7.9192977953,46068.7067694141,-101.109518959,40.1575724083,4607.66260672094,4437008.94390915
"113","367842",2011,8.5356303799,35374.1972090358,-101.109518959,40.1575724083,3538.27328394157,2694903.22218241
"114","367842",2012,7.0072327455,35300.1140793361,-101.109518959,40.1575724083,3530.71213120816,2684040.0414541
"115","367842",2013,9.4847019142,24723.4507125767,-101.109518959,40.1575724083,2473.29354144909,1370600.50147451
"116","367842",2014,7.790899117,63473.3544041816,-101.109518959,40.1575724083,6348.11453032986,8125475.05214742
"117","367842",2015,7.8437557421,108259.239319462,-101.109518959,40.1575724083,10826.7083075204,22264477.5413969
"118","447960",2001,3.6222635662,127796.068960532,-104.385538547,34.6184322035,12779.9691224098,30452302.533237
"119","447960",2002,3.8899751692,31323.5102917642,-104.385538547,34.6184322035,3132.74002669334,2141528.76864484
"120","447960",2003,3.886145821,39057.9250754287,-104.385538547,34.6184322035,3906.18112212497,3248319.16222705
"121","447960",2004,4.4626920594,74430.3075369661,-104.385538547,34.6184322035,7443.47702290255,10974293.1118533
"122","447960",2005,3.934043844,75890.6105140762,-104.385538547,34.6184322035,7589.45445579202,11384194.122556
"123","447960",2006,3.6648238236,85836.2379242163,-104.385538547,34.6184322035,8583.99027480399,14364033.3279037
"124","447960",2007,3.3693556124,70858.7243481172,-104.385538547,34.6184322035,7086.20937037296,10000985.1466757
"125","447960",2008,3.3789035937,89398.1288327195,-104.385538547,34.6184322035,8940.15077363132,15510019.4035048
"126","447960",2009,3.4198378435,49633.0597002545,-104.385538547,34.6184322035,4963.6479538098,5106400.84911057
"127","447960",2010,3.7379689235,53209.7388038481,-104.385538547,34.6184322035,5321.34767727716,5823380.07147788
"128","447960",2011,3.415601655,29620.3096680275,-104.385538547,34.6184322035,2962.37252696825,1926954.76437165
"129","447960",2012,2.9023140987,13223.6061707598,-104.385538547,34.6184322035,1322.65084848585,420399.741866489
"130","447960",2013,3.9331434087,208261.723675543,-104.385538547,34.6184322035,20826.5656818952,76571545.0913661
"131","447960",2014,3.9865059198,42382.9092500335,-104.385538547,34.6184322035,4238.68957559533,3790074.43395441
"132","447960",2015,5.2922662395,18339.1941671992,-104.385538547,34.6184322035,1834.44864334387,779631.510523044
"133","449543",2001,4.1638982857,37544.0870005403,-106.052119189,39.5996114563,3754.8250898826,3014765.42340406
"134","449543",2002,3.9577310061,22013.0806873714,-106.052119189,39.5996114563,2201.70384183775,1100345.79162542
"135","449543",2003,4.2430020279,50688.9671779302,-106.052119189,39.5996114563,5069.32101799581,5313601.4432637
"136","449543",2004,3.9819368733,32989.1827626957,-106.052119189,39.5996114563,3299.3164699569,2361597.54385147
"137","449543",2005,3.886557859,47178.7502895564,-106.052119189,39.5996114563,4718.26368474154,4640244.24676321
"138","449543",2006,4.5643028941,67603.3520305233,-106.052119189,39.5996114563,6760.79163334174,9151538.67729692
"139","449543",2007,4.6438724016,74492.6742989378,-106.052119189,39.5996114563,7449.73181713394,10991711.3928097
"140","449543",2008,3.818817186,61067.1359744043,-106.052119189,39.5996114563,6107.09547915903,7552824.35973007
"141","449543",2009,3.2583397774,62393.1508374083,-106.052119189,39.5996114563,6239.64091771857,7865310.82348756
"142","449543",2010,3.4660790169,49553.0690139819,-106.052119189,39.5996114563,4955.65350929988,5090883.37507822
"143","449543",2011,3.7114854825,66407.5000579153,-106.052119189,39.5996114563,6641.12115433978,8848091.04830877
"144","449543",2012,3.777228936,29656.3655300438,-106.052119189,39.5996114563,2966.01427589798,1931429.92260429
"145","449543",2013,4.1941501902,30870.8551757083,-106.052119189,39.5996114563,3087.50493258985,2083517.89261984
"146","449543",2014,4.0487367511,36687.5835674316,-106.052119189,39.5996114563,3669.16323041827,2886220.50776767
"147","449543",2015,3.3448450969,26110.768324959,-106.052119189,39.5996114563,2611.41131700559,1518692.30589584
"148","450041",2001,2.8237182318,13724.2646815974,-106.580268846,38.8355029074,1372.70883998292,450945.32002163
"149","450041",2002,2.7347640818,7626.14942078449,-106.580268846,38.8355029074,762.888418486629,148741.329713162
"150","450041",2003,2.7327557812,13174.5511204128,-106.580268846,38.8355029074,1317.7283876194,417450.498491783
"151","450041",2004,2.5715721276,12610.3058179803,-106.580268846,38.8355029074,1261.28773901079,384333.786249924
"152","450041",2005,2.5763728546,16152.9988108806,-106.580268846,38.8355029074,1615.55751837352,613333.969474104
"153","450041",2006,3.1053296135,15324.6909440366,-106.580268846,38.8355029074,1532.77962736501,555350.612414591
"154","450041",2007,2.9403221036,16393.9625621796,-106.580268846,38.8355029074,1639.69028842832,630747.265905249
"155","450041",2008,2.8543317636,24539.9439315737,-106.580268846,38.8355029074,2454.27982633373,1350773.9945472
"156","450041",2009,2.5269368928,21168.0730099622,-106.580268846,38.8355029074,2117.0599946855,1021839.20286974
"157","450041",2010,2.7018540769,15508.7481969246,-106.580268846,38.8355029074,1551.14500510015,567981.111328797
"158","450041",2011,2.4785248986,22375.9398031428,-106.580268846,38.8355029074,2237.84183280414,1134694.93058339
"159","450041",2012,2.6823168926,8725.38679689454,-106.580268846,38.8355029074,872.806911378714,191781.084222162
"160","450041",2013,3.2998758945,11869.9153373773,-106.580268846,38.8355029074,1187.32152132718,342888.789150962
"161","450041",2014,2.6629476441,20194.1411751056,-106.580268846,38.8355029074,2019.68041227497,934909.438392304
"162","450041",2015,2.7272315331,19069.0605586045,-106.580268846,38.8355029074,1907.17877901376,839019.176333971
"163","450098",2001,2.2105273911,147055.88506781,-107.211306576,38.471416555,14705.8095595201,39693398.1395461
"164","450098",2001,2.2105273911,147055.88506781,-107.211306576,38.471416555,14705.8095595201,39693398.1395461
"165","450098",2001,2.2105273911,147055.88506781,-107.211306576,38.471416555,14705.8095595201,39693398.1395461
"166","450098",2001,2.2105273911,147055.88506781,-107.211306576,38.471416555,14705.8095595201,39693398.1395461
"167","450098",2002,2.2999462958,56449.2177845874,-107.211306576,38.471416555,5645.15177308832,6510478.92300213
"168","450098",2002,2.2999462958,56449.2177845874,-107.211306576,38.471416555,5645.15177308832,6510478.92300213
"169","450098",2002,2.2999462958,56449.2177845874,-107.211306576,38.471416555,5645.15177308832,6510478.92300213
"170","450098",2002,2.2999462958,56449.2177845874,-107.211306576,38.471416555,5645.15177308832,6510478.92300213
"171","450098",2003,2.2062734144,121289.290852945,-107.211306576,38.471416555,12129.1497126359,27590581.8511384
"172","450098",2003,2.2062734144,121289.290852945,-107.211306576,38.471416555,12129.1497126359,27590581.8511384
"173","450098",2003,2.2062734144,121289.290852945,-107.211306576,38.471416555,12129.1497126359,27590581.8511384
"174","450098",2003,2.2062734144,121289.290852945,-107.211306576,38.471416555,12129.1497126359,27590581.8511384
"175","450098",2004,2.2872084799,114870.687903576,-107.211306576,38.471416555,11487.2975112056,24898756.2994724
"176","450098",2004,2.2872084799,114870.687903576,-107.211306576,38.471416555,11487.2975112056,24898756.2994724
"177","450098",2004,2.2872084799,114870.687903576,-107.211306576,38.471416555,11487.2975112056,24898756.2994724
"178","450098",2004,2.2872084799,114870.687903576,-107.211306576,38.471416555,11487.2975112056,24898756.2994724
"179","450098",2005,2.058950883,180756.576080183,-107.211306576,38.471416555,18075.8635031066,58602063.9141539
"180","450098",2005,2.058950883,180756.576080183,-107.211306576,38.471416555,18075.8635031066,58602063.9141539
"181","450098",2005,2.058950883,180756.576080183,-107.211306576,38.471416555,18075.8635031066,58602063.9141539
"182","450098",2005,2.058950883,180756.576080183,-107.211306576,38.471416555,18075.8635031066,58602063.9141539
"183","450098",2006,2.3159878144,174416.339196688,-107.211306576,38.471416555,17441.8655184503,54781699.4398002
"184","450098",2006,2.3159878144,174416.339196688,-107.211306576,38.471416555,17441.8655184503,54781699.4398002
"185","450098",2006,2.3159878144,174416.339196688,-107.211306576,38.471416555,17441.8655184503,54781699.4398002
"186","450098",2006,2.3159878144,174416.339196688,-107.211306576,38.471416555,17441.8655184503,54781699.4398002
"187","450098",2007,2.5516406814,166231.435785609,-107.211306576,38.471416555,16623.3987426291,50029316.1564601
"188","450098",2007,2.5516406814,166231.435785609,-107.211306576,38.471416555,16623.3987426291,50029316.1564601
"189","450098",2007,2.5516406814,166231.435785609,-107.211306576,38.471416555,16623.3987426291,50029316.1564601
"190","450098",2007,2.5516406814,166231.435785609,-107.211306576,38.471416555,16623.3987426291,50029316.1564601
"191","450098",2008,2.257575299,340662.279370616,-107.211306576,38.471416555,34066.4536945915,193899237.607256
"192","450098",2008,2.257575299,340662.279370616,-107.211306576,38.471416555,34066.4536945915,193899237.607256
"193","450098",2008,2.257575299,340662.279370616,-107.211306576,38.471416555,34066.4536945915,193899237.607256
"194","450098",2008,2.257575299,340662.279370616,-107.211306576,38.471416555,34066.4536945915,193899237.607256
"195","450098",2009,1.938895206,249242.484104083,-107.211306576,38.471416555,24924.4422999289,107486880.757312
"196","450098",2009,1.938895206,249242.484104083,-107.211306576,38.471416555,24924.4422999289,107486880.757312
"197","450098",2009,1.938895206,249242.484104083,-107.211306576,38.471416555,24924.4422999289,107486880.757312
"198","450098",2009,1.938895206,249242.484104083,-107.211306576,38.471416555,24924.4422999289,107486880.757312
"199","450098",2010,1.9939373067,156929.692530722,-107.211306576,38.471416555,15693.1686468028,44874976.9444609
"200","450098",2010,1.9939373067,156929.692530722,-107.211306576,38.471416555,15693.1686468028,44874976.9444609
"201","450098",2010,1.9939373067,156929.692530722,-107.211306576,38.471416555,15693.1686468028,44874976.9444609
"202","450098",2010,1.9939373067,156929.692530722,-107.211306576,38.471416555,15693.1686468028,44874976.9444609
"203","450098",2011,2.043052462,289638.86256475,-107.211306576,38.471416555,28964.0905617212,142733498.196263
"204","450098",2011,2.043052462,289638.86256475,-107.211306576,38.471416555,28964.0905617212,142733498.196263
"205","450098",2011,2.043052462,289638.86256475,-107.211306576,38.471416555,28964.0905617212,142733498.196263
"206","450098",2011,2.043052462,289638.86256475,-107.211306576,38.471416555,28964.0905617212,142733498.196263
"207","450098",2012,2.1125064856,60523.5078709546,-107.211306576,38.471416555,6052.56203774402,7425988.7974499
"208","450098",2012,2.1125064856,60523.5078709546,-107.211306576,38.471416555,6052.56203774402,7425988.7974499
"209","450098",2012,2.1125064856,60523.5078709546,-107.211306576,38.471416555,6052.56203774402,7425988.7974499
"210","450098",2012,2.1125064856,60523.5078709546,-107.211306576,38.471416555,6052.56203774402,7425988.7974499
"211","450098",2013,2.3201439742,99717.234088712,-107.211306576,38.471416555,9971.95542326862,19062340.3333278
"212","450098",2013,2.3201439742,99717.234088712,-107.211306576,38.471416555,9971.95542326862,19062340.3333278
"213","450098",2013,2.3201439742,99717.234088712,-107.211306576,38.471416555,9971.95542326862,19062340.3333278
"214","450098",2013,2.3201439742,99717.234088712,-107.211306576,38.471416555,9971.95542326862,19062340.3333278
"215","450098",2014,1.9684909299,282556.042752457,-107.211306576,38.471416555,28255.8011243387,136214811.370077
"216","450098",2014,1.9684909299,282556.042752457,-107.211306576,38.471416555,28255.8011243387,136214811.370077
"217","450098",2014,1.9684909299,282556.042752457,-107.211306576,38.471416555,28255.8011243387,136214811.370077
"218","450098",2014,1.9684909299,282556.042752457,-107.211306576,38.471416555,28255.8011243387,136214811.370077
"219","450098",2015,2.149822717,247671.804831564,-107.211306576,38.471416555,24767.3954654281,106211700.443773
"220","450098",2015,2.149822717,247671.804831564,-107.211306576,38.471416555,24767.3954654281,106211700.443773
"221","450098",2015,2.149822717,247671.804831564,-107.211306576,38.471416555,24767.3954654281,106211700.443773
"222","450098",2015,2.149822717,247671.804831564,-107.211306576,38.471416555,24767.3954654281,106211700.443773
"223","450461",2001,2.251773644,394726.104832102,-109.46280172,41.3291500981,39472.8356605746,256071807.983067
"224","450461",2002,2.2015878528,276412.330903448,-109.46280172,41.3291500981,27641.4532491301,130676929.238134
"225","450461",2003,2.4031144497,356557.952553096,-109.46280172,41.3291500981,35656.0355667546,211335494.28497
"226","450461",2004,2.4108249576,371728.025698005,-109.46280172,41.3291500981,37173.0436522963,228632570.207026
"227","450461",2005,2.3651882205,640941.675366443,-109.46280172,41.3291500981,64094.4040554664,639517035.703894
"228","450461",2006,2.2871713018,416343.404305507,-109.46280172,41.3291500981,41634.5691476809,283193052.060214
"229","450461",2007,2.4565616981,255754.591475941,-109.46280172,41.3291500981,25575.7048037639,112851278.079178
"230","450461",2008,2.2035114957,312162.359650548,-109.46280172,41.3291500981,31216.4563162044,164412395.936137
"231","450461",2009,2.3042343093,583995.971480233,-109.46280172,41.3291500981,58399.8275714542,536482966.256923
"232","450461",2010,2.1062679209,302188.106862405,-109.46280172,41.3291500981,30219.0213130326,154634365.585584
"233","450461",2011,2.0509000066,771283.471802999,-109.46280172,41.3291500981,77128.5522703006,907084260.795623
"234","450461",2012,1.9534211819,338996.539438348,-109.46280172,41.3291500981,33899.849285953,192112664.272952
"235","450461",2013,2.5523175651,256244.790802778,-109.46280172,41.3291500981,25624.7343120343,113260101.221267
"236","450461",2014,2.2860852271,708952.788900243,-109.46280172,41.3291500981,70895.507498547,773658184.374177
"237","450461",2015,2.4093053867,697567.486356019,-109.46280172,41.3291500981,69756.9895661406,750367094.487938
"238","453515",2001,4.7745068069,33231.0197032535,-107.553642206,37.3908222673,3323.57942100604,2394495.62785511
"239","453515",2002,4.7954432046,7626.46882749935,-107.553642206,37.3908222673,763.126427070395,148828.959743296
"240","453515",2003,4.1429712969,16447.7737222434,-107.553642206,37.3908222673,1645.19166935403,634748.93612454
"241","453515",2004,5.4400341783,21596.5052887056,-107.553642206,37.3908222673,2160.19453228839,1061504.69029508
"242","453515",2005,4.7772024441,36235.8979525491,-107.553642206,37.3908222673,3624.06751549932,2819608.97065834
"243","453515",2006,4.9599607899,20758.0434320262,-107.553642206,37.3908222673,2076.30033928161,985011.232243724
"244","453515",2007,5.8156481916,28504.3750608174,-107.553642206,37.3908222673,2851.0190709009,1792478.92443035
"245","453515",2008,5.1870105226,25331.3352407731,-107.553642206,37.3908222673,2533.65222512957,1434438.81544739
"246","453515",2009,4.2669112366,21066.0260814628,-107.553642206,37.3908222673,2107.02929926994,1012717.09691825
"247","453515",2010,4.1978922479,20190.6315049561,-107.553642206,37.3908222673,2019.4829397204,934736.852886507
"248","453515",2011,4.1552771673,24392.6164300848,-107.553642206,37.3908222673,2439.67717072521,1335639.40060518
"249","453515",2012,4.1881016093,18225.7743133068,-107.553642206,37.3908222673,1822.99624149161,770467.110903713
"250","453515",2013,4.3309536471,19546.428430793,-107.553642206,37.3908222673,1955.07593844401,879247.491984198
"251","453515",2014,3.6762338404,27635.9098737744,-107.553642206,37.3908222673,2763.95861076148,1690533.38805882
"252","453515",2015,4.2602830842,36254.8058900796,-107.553642206,37.3908222673,3625.90661731638,2822311.22219334
"253","454129",2001,4.5542321445,4361624.60068996,-114.213019368,34.3613573525,436162.915492211,23896390783.4901
"254","454129",2001,4.5542321445,4361624.60068996,-114.213019368,34.3613573525,436162.915492211,23896390783.4901
"255","454129",2001,4.5542321445,4361624.60068996,-114.213019368,34.3613573525,436162.915492211,23896390783.4901
"256","454129",2001,4.5542321445,4361624.60068996,-114.213019368,34.3613573525,436162.915492211,23896390783.4901
"257","454129",2002,4.6471422595,4569537.69652895,-114.213019368,34.3613573525,456954.234367121,26092613869.1413
"258","454129",2002,4.6471422595,4569537.69652895,-114.213019368,34.3613573525,456954.234367121,26092613869.1413
"259","454129",2002,4.6471422595,4569537.69652895,-114.213019368,34.3613573525,456954.234367121,26092613869.1413
"260","454129",2002,4.6471422595,4569537.69652895,-114.213019368,34.3613573525,456954.234367121,26092613869.1413
"261","454129",2003,4.7991277295,4646691.9030353,-114.213019368,34.3613573525,464669.670216303,26930677384.0337
"262","454129",2003,4.7991277295,4646691.9030353,-114.213019368,34.3613573525,464669.670216303,26930677384.0337
"263","454129",2003,4.7991277295,4646691.9030353,-114.213019368,34.3613573525,464669.670216303,26930677384.0337
"264","454129",2003,4.7991277295,4646691.9030353,-114.213019368,34.3613573525,464669.670216303,26930677384.0337
"265","454129",2004,5.2286425623,4743997.83643534,-114.213019368,34.3613573525,474400.30650779,28005385400.9298
"266","454129",2004,5.2286425623,4743997.83643534,-114.213019368,34.3613573525,474400.30650779,28005385400.9298
"267","454129",2004,5.2286425623,4743997.83643534,-114.213019368,34.3613573525,474400.30650779,28005385400.9298
"268","454129",2004,5.2286425623,4743997.83643534,-114.213019368,34.3613573525,474400.30650779,28005385400.9298
"269","454129",2005,4.7106946926,4825460.33547707,-114.213019368,34.3613573525,482546.504617176,28920294674.0565
"270","454129",2005,4.7106946926,4825460.33547707,-114.213019368,34.3613573525,482546.504617176,28920294674.0565
"271","454129",2005,4.7106946926,4825460.33547707,-114.213019368,34.3613573525,482546.504617176,28920294674.0565
"272","454129",2005,4.7106946926,4825460.33547707,-114.213019368,34.3613573525,482546.504617176,28920294674.0565
"273","454129",2006,4.4453300203,4694288.05442866,-114.213019368,34.3613573525,469429.249975868,27453881619.2516
"274","454129",2006,4.4453300203,4694288.05442866,-114.213019368,34.3613573525,469429.249975868,27453881619.2516
"275","454129",2006,4.4453300203,4694288.05442866,-114.213019368,34.3613573525,469429.249975868,27453881619.2516
"276","454129",2006,4.4453300203,4694288.05442866,-114.213019368,34.3613573525,469429.249975868,27453881619.2516
"277","454129",2007,4.1514761053,4852495.58047423,-114.213019368,34.3613573525,485249.973195034,29226980213.2001
"278","454129",2007,4.1514761053,4852495.58047423,-114.213019368,34.3613573525,485249.973195034,29226980213.2001
"279","454129",2007,4.1514761053,4852495.58047423,-114.213019368,34.3613573525,485249.973195034,29226980213.2001
"280","454129",2007,4.1514761053,4852495.58047423,-114.213019368,34.3613573525,485249.973195034,29226980213.2001
"281","454129",2008,3.9858713352,4963132.4795438,-114.213019368,34.3613573525,496313.646541514,30497901213.8115
"282","454129",2008,3.9858713352,4963132.4795438,-114.213019368,34.3613573525,496313.646541514,30497901213.8115
"283","454129",2008,3.9858713352,4963132.4795438,-114.213019368,34.3613573525,496313.646541514,30497901213.8115
"284","454129",2008,3.9858713352,4963132.4795438,-114.213019368,34.3613573525,496313.646541514,30497901213.8115
"285","454129",2009,3.4707012754,4757506.87921664,-114.213019368,34.3613573525,475751.034991791,28156130389.7633
"286","454129",2009,3.4707012754,4757506.87921664,-114.213019368,34.3613573525,475751.034991791,28156130389.7633
"287","454129",2009,3.4707012754,4757506.87921664,-114.213019368,34.3613573525,475751.034991791,28156130389.7633
"288","454129",2009,3.4707012754,4757506.87921664,-114.213019368,34.3613573525,475751.034991791,28156130389.7633
"289","454129",2010,3.4832029182,4584566.16826524,-114.213019368,34.3613573525,458456.965146816,26254865576.6621
"290","454129",2010,3.4832029182,4584566.16826524,-114.213019368,34.3613573525,458456.965146816,26254865576.6621
"291","454129",2010,3.4832029182,4584566.16826524,-114.213019368,34.3613573525,458456.965146816,26254865576.6621
"292","454129",2010,3.4832029182,4584566.16826524,-114.213019368,34.3613573525,458456.965146816,26254865576.6621
"293","454129",2011,3.1225867465,4787089.70695387,-114.213019368,34.3613573525,478709.282954062,28487608291.8478
"294","454129",2011,3.1225867465,4787089.70695387,-114.213019368,34.3613573525,478709.282954062,28487608291.8478
"295","454129",2011,3.1225867465,4787089.70695387,-114.213019368,34.3613573525,478709.282954062,28487608291.8478
"296","454129",2011,3.1225867465,4787089.70695387,-114.213019368,34.3613573525,478709.282954062,28487608291.8478
"297","454129",2012,3.2490477134,4461033.72381961,-114.213019368,34.3613573525,446103.697286732,24935122231.6451
"298","454129",2012,3.2490477134,4461033.72381961,-114.213019368,34.3613573525,446103.697286732,24935122231.6451
"299","454129",2012,3.2490477134,4461033.72381961,-114.213019368,34.3613573525,446103.697286732,24935122231.6451
"300","454129",2012,3.2490477134,4461033.72381961,-114.213019368,34.3613573525,446103.697286732,24935122231.6451
"301","454129",2013,3.2510391819,4114029.77495301,-114.213019368,34.3613573525,411403.302599219,21399814697.5113
"302","454129",2013,3.2510391819,4114029.77495301,-114.213019368,34.3613573525,411403.302599219,21399814697.5113
"303","454129",2013,3.2510391819,4114029.77495301,-114.213019368,34.3613573525,411403.302599219,21399814697.5113
"304","454129",2013,3.2510391819,4114029.77495301,-114.213019368,34.3613573525,411403.302599219,21399814697.5113
"305","454129",2014,3.2057071096,3838557.46317834,-114.213019368,34.3613573525,383856.066888545,18774950778.4573
"306","454129",2014,3.2057071096,3838557.46317834,-114.213019368,34.3613573525,383856.066888545,18774950778.4573
"307","454129",2014,3.2057071096,3838557.46317834,-114.213019368,34.3613573525,383856.066888545,18774950778.4573
"308","454129",2014,3.2057071096,3838557.46317834,-114.213019368,34.3613573525,383856.066888545,18774950778.4573
"309","454129",2015,3.0778726328,3470988.36847045,-114.213019368,34.3613573525,347099.144634308,15525296562.4435
"310","454129",2015,3.0778726328,3470988.36847045,-114.213019368,34.3613573525,347099.144634308,15525296562.4435
"311","454129",2015,3.0778726328,3470988.36847045,-114.213019368,34.3613573525,347099.144634308,15525296562.4435
"312","454129",2015,3.0778726328,3470988.36847045,-114.213019368,34.3613573525,347099.144634308,15525296562.4435
"313","454184",2001,4.2535337091,4023711.112969,-114.463219043,32.9534866391,402371.536650271,20521426773.4073
"314","454184",2002,4.36677947,4124778.85999328,-114.463219043,32.9534866391,412478.322677275,21505518825.9617
"315","454184",2003,4.4924208992,3951949.43451186,-114.463219043,32.9534866391,395195.392693276,19835866696.6264
"316","454184",2004,4.6110369513,3948650.70611736,-114.463219043,32.9534866391,394865.531715431,19804617505.05
"317","454184",2005,4.2746041002,3559025.36820886,-114.463219043,32.9534866391,355902.964281296,16277173337.4235
"318","454184",2006,4.0569826416,3989593.63359785,-114.463219043,32.9534866391,398959.769058049,20194123425.3412
"319","454184",2007,3.8698931471,4081573.575936,-114.463219043,32.9534866391,408157.744582915,21082173648.6187
"320","454184",2008,4.067222524,3981071.68818668,-114.463219043,32.9534866391,398107.57554092,20112755826.4638
"321","454184",2009,3.3040912538,3710786.26815129,-114.463219043,32.9534866391,371078.957224254,17612439575.7667
"322","454184",2010,3.2735955555,3575315.21246237,-114.463219043,32.9534866391,357531.848605793,16418118042.1324
"323","454184",2011,2.9063560666,3862180.83129888,-114.463219043,32.9534866391,386218.373765495,18993707400.098
"324","454184",2012,2.9981480687,3631264.76657963,-114.463219043,32.9534866391,363126.77647277,16906588607.35
"325","454184",2013,3.017602054,3283445.94909072,-114.463219043,32.9534866391,328344.896669277,13979520532.6074
"326","454184",2014,2.801023893,3232354.7636563,-114.463219043,32.9534866391,323235.756468019,13571646227.6884
"327","454184",2015,2.7758412045,2861103.36366946,-114.463219043,32.9534866391,286110.613951066,10779278610.5112
"328","454811",2005,5.0562977207,62.8660791374687,-111.726637708,34.0079811193,6.79223768581687,19.9958542980458
"329","454811",2006,4.9435940562,54856.8308986644,-111.726637708,34.0079811193,5486.17744927206,6168638.97875243
"330","454811",2007,4.8364259837,59508.1263577019,-111.726637708,34.0079811193,5951.29627836856,7193144.02576721
"331","454811",2008,4.3633871442,517660.863042957,-111.726637708,34.0079811193,51766.5226430101,427256943.580978
"332","454811",2009,3.9039253319,102285.413228684,-111.726637708,34.0079811193,10228.9317154016,20000453.8147199
"333","454811",2010,4.4082579517,472484.137289388,-111.726637708,34.0079811193,47248.854554734,359592500.8507
"334","454811",2011,3.8142824927,77774.9552334474,-111.726637708,34.0079811193,7777.87695159401,11923718.9128336
"335","454811",2012,3.5473310421,53552.9536398562,-111.726637708,34.0079811193,5355.65009708983,5894460.31252761
"336","454811",2013,3.9940600006,150884.974792019,-111.726637708,34.0079811193,15088.896885202,41668306.1414199
"337","454811",2014,3.7210771283,62149.2875360642,-111.726637708,34.0079811193,6215.30086131925,7807480.6683597
"338","454811",2015,3.714908927,128078.519120067,-111.726637708,34.0079811193,12808.2234028994,30579544.462119
"339","455356",2001,3.7406292197,312907.102059676,-112.689325666,41.1222704373,31291.0842688896,165155317.195437
"340","455356",2002,3.62517989,316962.994227862,-112.689325666,41.1222704373,31696.6619407752,169220375.833076
"341","455356",2003,2.9461827546,276511.741331529,-112.689325666,41.1222704373,27651.4687514284,130766344.199901
"342","455356",2004,4.1054266878,286647.694808367,-112.689325666,41.1222704373,28665.1800235055,139965019.49475
"343","455356",2005,4.7184554588,597010.916866873,-112.689325666,41.1222704373,59701.5635322332,559284857.232081
"344","455356",2006,5.1231850275,969919.688967918,-112.689325666,41.1222704373,96992.4812152946,1398166099.41302
"345","455356",2007,4.5443071358,538042.184112358,-112.689325666,41.1222704373,53804.6728419494,459573301.18803
"346","455356",2008,4.4089112043,478562.064915046,-112.689325666,41.1222704373,47856.647382625,368376190.99009
"347","455356",2009,4.2969857975,523695.998508501,-112.689325666,41.1222704373,52370.0295494299,436710462.076386
"348","455356",2010,4.1764528332,463021.071752256,-112.689325666,41.1222704373,46302.5248205089,346115024.262318
"349","455356",2011,3.784896928,1506700.36706524,-112.689325666,41.1222704373,150670.415196217,3211715299.54422
"350","455356",2012,3.7419246493,668300.861338078,-112.689325666,41.1222704373,66830.4603262727,692037587.970112
"351","455356",2013,4.7482096154,331455.843030828,-112.689325666,41.1222704373,33146.0591240443,184126742.099694
"352","455356",2014,5.0961315937,287315.959929347,-112.689325666,41.1222704373,28732.1056060941,140582661.073626
"353","455356",2015,5.1866365566,290125.589709873,-112.689325666,41.1222704373,29013.077634643,143189643.35943
"354","456953",2012,4.7805957898,17457.0845243732,-120.096653596,39.4059021067,1746.1865120163,710322.274441623
"355","456953",2012,4.7805957898,17457.0845243732,-120.096653596,39.4059021067,1746.1865120163,710322.274441623
"356","456953",2012,4.7805957898,17457.0845243732,-120.096653596,39.4059021067,1746.1865120163,710322.274441623
"357","456953",2012,4.7805957898,17457.0845243732,-120.096653596,39.4059021067,1746.1865120163,710322.274441623
"358","456953",2012,4.7805957898,17457.0845243732,-120.096653596,39.4059021067,1746.1865120163,710322.274441623
"359","456953",2012,4.7805957898,17457.0845243732,-120.096653596,39.4059021067,1746.1865120163,710322.274441623
"360","456953",2012,4.7805957898,17457.0845243732,-120.096653596,39.4059021067,1746.1865120163,710322.274441623
"361","456953",2012,4.7805957898,17457.0845243732,-120.096653596,39.4059021067,1746.1865120163,710322.274441623
"362","456953",2012,4.7805957898,17457.0845243732,-120.096653596,39.4059021067,1746.1865120163,710322.274441623
"363","456953",2012,4.7805957898,17457.0845243732,-120.096653596,39.4059021067,1746.1865120163,710322.274441623
"364","456953",2012,4.7805957898,17457.0845243732,-120.096653596,39.4059021067,1746.1865120163,710322.274441623
"365","456953",2012,4.7805957898,17457.0845243732,-120.096653596,39.4059021067,1746.1865120163,710322.274441623
"366","456953",2012,4.7805957898,17457.0845243732,-120.096653596,39.4059021067,1746.1865120163,710322.274441623
"367","456953",2012,4.7805957898,17457.0845243732,-120.096653596,39.4059021067,1746.1865120163,710322.274441623
"368","456953",2012,4.7805957898,17457.0845243732,-120.096653596,39.4059021067,1746.1865120163,710322.274441623
"369","456953",2012,4.7805957898,17457.0845243732,-120.096653596,39.4059021067,1746.1865120163,710322.274441623
"370","456953",2012,4.7805957898,17457.0845243732,-120.096653596,39.4059021067,1746.1865120163,710322.274441623
"371","456953",2012,4.7805957898,17457.0845243732,-120.096653596,39.4059021067,1746.1865120163,710322.274441623
"372","456953",2012,4.7805957898,17457.0845243732,-120.096653596,39.4059021067,1746.1865120163,710322.274441623
"373","456953",2012,4.7805957898,17457.0845243732,-120.096653596,39.4059021067,1746.1865120163,710322.274441623
"374","456953",2012,4.7805957898,17457.0845243732,-120.096653596,39.4059021067,1746.1865120163,710322.274441623
"375","456953",2012,4.7805957898,17457.0845243732,-120.096653596,39.4059021067,1746.1865120163,710322.274441623
"376","456953",2012,4.7805957898,17457.0845243732,-120.096653596,39.4059021067,1746.1865120163,710322.274441623
"377","456953",2012,4.7805957898,17457.0845243732,-120.096653596,39.4059021067,1746.1865120163,710322.274441623
"378","456953",2012,4.7805957898,17457.0845243732,-120.096653596,39.4059021067,1746.1865120163,710322.274441623
"379","456953",2012,4.7805957898,17457.0845243732,-120.096653596,39.4059021067,1746.1865120163,710322.274441623
"380","456953",2012,4.7805957898,17457.0845243732,-120.096653596,39.4059021067,1746.1865120163,710322.274441623
"381","456953",2012,4.7805957898,17457.0845243732,-120.096653596,39.4059021067,1746.1865120163,710322.274441623
"382","456953",2012,4.7805957898,17457.0845243732,-120.096653596,39.4059021067,1746.1865120163,710322.274441623
"383","456953",2012,4.7805957898,17457.0845243732,-120.096653596,39.4059021067,1746.1865120163,710322.274441623
"384","456953",2012,4.7805957898,17457.0845243732,-120.096653596,39.4059021067,1746.1865120163,710322.274441623
"385","456953",2012,4.7805957898,17457.0845243732,-120.096653596,39.4059021067,1746.1865120163,710322.274441623
"386","456953",2012,4.7805957898,17457.0845243732,-120.096653596,39.4059021067,1746.1865120163,710322.274441623
"387","456953",2012,4.7805957898,17457.0845243732,-120.096653596,39.4059021067,1746.1865120163,710322.274441623
"388","456953",2012,4.7805957898,17457.0845243732,-120.096653596,39.4059021067,1746.1865120163,710322.274441623
"389","456953",2012,4.7805957898,17457.0845243732,-120.096653596,39.4059021067,1746.1865120163,710322.274441623
"390","456953",2013,3.3362680312,19979.5523439201,-120.096653596,39.4059021067,1998.28886119513,916300.976988777
"391","456953",2013,3.3362680312,19979.5523439201,-120.096653596,39.4059021067,1998.28886119513,916300.976988777
"392","456953",2013,3.3362680312,19979.5523439201,-120.096653596,39.4059021067,1998.28886119513,916300.976988777
"393","456953",2013,3.3362680312,19979.5523439201,-120.096653596,39.4059021067,1998.28886119513,916300.976988777
"394","456953",2013,3.3362680312,19979.5523439201,-120.096653596,39.4059021067,1998.28886119513,916300.976988777
"395","456953",2013,3.3362680312,19979.5523439201,-120.096653596,39.4059021067,1998.28886119513,916300.976988777
"396","456953",2013,3.3362680312,19979.5523439201,-120.096653596,39.4059021067,1998.28886119513,916300.976988777
"397","456953",2013,3.3362680312,19979.5523439201,-120.096653596,39.4059021067,1998.28886119513,916300.976988777
"398","456953",2013,3.3362680312,19979.5523439201,-120.096653596,39.4059021067,1998.28886119513,916300.976988777
"399","456953",2013,3.3362680312,19979.5523439201,-120.096653596,39.4059021067,1998.28886119513,916300.976988777
"400","456953",2013,3.3362680312,19979.5523439201,-120.096653596,39.4059021067,1998.28886119513,916300.976988777
"401","456953",2013,3.3362680312,19979.5523439201,-120.096653596,39.4059021067,1998.28886119513,916300.976988777
"402","456953",2013,3.3362680312,19979.5523439201,-120.096653596,39.4059021067,1998.28886119513,916300.976988777
"403","456953",2013,3.3362680312,19979.5523439201,-120.096653596,39.4059021067,1998.28886119513,916300.976988777
"404","456953",2013,3.3362680312,19979.5523439201,-120.096653596,39.4059021067,1998.28886119513,916300.976988777
"405","456953",2013,3.3362680312,19979.5523439201,-120.096653596,39.4059021067,1998.28886119513,916300.976988777
"406","456953",2013,3.3362680312,19979.5523439201,-120.096653596,39.4059021067,1998.28886119513,916300.976988777
"407","456953",2013,3.3362680312,19979.5523439201,-120.096653596,39.4059021067,1998.28886119513,916300.976988777
"408","456953",2013,3.3362680312,19979.5523439201,-120.096653596,39.4059021067,1998.28886119513,916300.976988777
"409","456953",2013,3.3362680312,19979.5523439201,-120.096653596,39.4059021067,1998.28886119513,916300.976988777
"410","456953",2013,3.3362680312,19979.5523439201,-120.096653596,39.4059021067,1998.28886119513,916300.976988777
"411","456953",2013,3.3362680312,19979.5523439201,-120.096653596,39.4059021067,1998.28886119513,916300.976988777
"412","456953",2013,3.3362680312,19979.5523439201,-120.096653596,39.4059021067,1998.28886119513,916300.976988777
"413","456953",2013,3.3362680312,19979.5523439201,-120.096653596,39.4059021067,1998.28886119513,916300.976988777
"414","456953",2013,3.3362680312,19979.5523439201,-120.096653596,39.4059021067,1998.28886119513,916300.976988777
"415","456953",2013,3.3362680312,19979.5523439201,-120.096653596,39.4059021067,1998.28886119513,916300.976988777
"416","456953",2013,3.3362680312,19979.5523439201,-120.096653596,39.4059021067,1998.28886119513,916300.976988777
"417","456953",2013,3.3362680312,19979.5523439201,-120.096653596,39.4059021067,1998.28886119513,916300.976988777
"418","456953",2013,3.3362680312,19979.5523439201,-120.096653596,39.4059021067,1998.28886119513,916300.976988777
"419","456953",2013,3.3362680312,19979.5523439201,-120.096653596,39.4059021067,1998.28886119513,916300.976988777
"420","456953",2013,3.3362680312,19979.5523439201,-120.096653596,39.4059021067,1998.28886119513,916300.976988777
"421","456953",2013,3.3362680312,19979.5523439201,-120.096653596,39.4059021067,1998.28886119513,916300.976988777
"422","456953",2013,3.3362680312,19979.5523439201,-120.096653596,39.4059021067,1998.28886119513,916300.976988777
"423","456953",2013,3.3362680312,19979.5523439201,-120.096653596,39.4059021067,1998.28886119513,916300.976988777
"424","456953",2013,3.3362680312,19979.5523439201,-120.096653596,39.4059021067,1998.28886119513,916300.976988777
"425","456953",2013,3.3362680312,19979.5523439201,-120.096653596,39.4059021067,1998.28886119513,916300.976988777
"426","457120",2001,2.7851220164,180724.329024421,-119.086394039,39.4295299925,18072.7114146437,58582770.5409296
"427","457120",2002,2.8132601841,170058.332581274,-119.086394039,39.4295299925,17006.1145841458,52226287.6766476
"428","457120",2003,2.8337732263,162473.674376453,-119.086394039,39.4295299925,16247.6508149679,47915603.4356214
"429","457120",2004,2.9513621526,173151.755209932,-119.086394039,39.4295299925,17315.4706572085,54034560.522413
"430","457120",2005,2.6206039908,152267.449414636,-119.086394039,39.4295299925,15227.0070018627,42391349.6182636
"431","457120",2006,2.7296651519,376260.336287935,-119.086394039,39.4295299925,37626.3065953087,233924740.919607
"432","457120",2007,2.4264902962,179242.27303823,-119.086394039,39.4295299925,17924.4699528526,57678786.8964579
"433","457120",2008,2.5008372731,145536.292940097,-119.086394039,39.4295299925,14553.879377737,38922662.9942253
"434","457120",2009,2.2265976943,161815.527911571,-119.086394039,39.4295299925,16181.7754509265,47549455.8133264
"435","457120",2010,2.2428471325,190533.206856141,-119.086394039,39.4295299925,19053.5449703274,64730197.1497983
"436","457120",2011,2.1468497819,308514.091855439,-119.086394039,39.4295299925,30851.6238705221,160803177.325755
"437","457120",2012,2.060412953,223985.377159663,-119.086394039,39.4295299925,22398.7437572616,87850315.6522932
"438","457120",2013,2.1109884798,216748.800936855,-119.086394039,39.4295299925,21675.0911925335,82568346.4487927
"439","457120",2014,2.3215930266,141200.041146673,-119.086394039,39.4295299925,14120.23627397,36761961.8680561
"440","457120",2015,3.0266562684,73215.1369471736,-119.086394039,39.4295299925,7321.8163603442,10638079.8178867
"441","457191",2001,4.4496047355,533.878903712058,-120.13533304,39.4781855031,53.8328508447558,996.379516775741
"442","457191",2002,5.0737471108,905.367347589073,-120.13533304,39.4781855031,91.0441094699873,2687.21347741303
"443","457191",2003,3.4370192842,1222.09162592268,-120.13533304,39.4781855031,122.552864520688,4709.82571857486
"444","457191",2004,3.1381243452,850.60869218974,-120.13533304,39.4781855031,85.374681653494,2380.02030947924
"445","457191",2005,3.1269799536,1492.91393489504,-120.13533304,39.4781855031,149.604091484864,6863.62867579033
"446","457191",2006,3.2177554607,2815.45697944624,-120.13533304,39.4781855031,281.867473490694,22697.5168311869
"447","457191",2007,3.4595737768,656.024448810952,-120.13533304,39.4781855031,65.9484022587752,1461.75832160265
"448","457191",2008,4.0741141926,669.929473232327,-120.13533304,39.4781855031,67.4003587424927,1523.11704823039
"449","457191",2009,2.6887078627,867.384675421012,-120.13533304,39.4781855031,87.0073383283712,2466.68572342902
"450","457191",2010,4.6155184285,1087.68745137009,-120.13533304,39.4781855031,109.230296979859,3789.97150874008
"451","457191",2011,4.6169788782,2861.55718972519,-120.13533304,39.4781855031,286.617416860339,23425.1075235753
"452","457191",2012,5.277363649,891.153524376325,-120.13533304,39.4781855031,89.6430888025325,2609.67008420295
"453","457191",2013,3.4433204862,705.859048024985,-120.13533304,39.4781855031,70.9302368511185,1677.22523421265
"454","457191",2014,4.7060317924,361.698888186721,-120.13533304,39.4781855031,36.6404919979121,481.888157367493
"455","457191",2015,5.629527502,350.291923745206,-120.13533304,39.4781855031,35.5921451247206,456.186549572166
"456","459730",2001,2.5015206199,246691.215626277,-113.840152179,46.831919908,24669.3717146897,105419401.953455
"457","459730",2002,2.8767104796,291633.539740442,-113.840152179,46.831919908,29163.6416450922,144595911.027398
"458","459730",2003,3.7198793141,420102.95662318,-113.840152179,46.831919908,42010.6676502494,288042560.26058
"459","459730",2004,2.7951945445,224500.565588708,-113.840152179,46.831919908,22450.3360783253,88232768.7794531
"460","459730",2005,2.8212058267,379165.707130054,-113.840152179,46.831919908,37916.8528335881,237347021.235671
"461","459730",2006,2.8562827203,341104.476186295,-113.840152179,46.831919908,34110.7332469015,194375375.256278
"462","459730",2007,3.0212762253,399645.113223949,-113.840152179,46.831919908,39964.8134500174,262131274.70375
"463","459730",2008,2.9608042674,563158.823390318,-113.840152179,46.831919908,56316.1784194585,500915476.083122
"464","459730",2009,2.5427325008,710341.554768045,-113.840152179,46.831919908,71034.4097500546,776522671.604459
"465","459730",2010,2.7308718808,435857.449354394,-113.840152179,46.831919908,43586.0180226275,308775750.582546
"466","459730",2011,2.86815239,1208988.74849707,-113.840152179,46.831919908,120899.161664946,2119453652.56968
"467","459730",2012,2.9111203811,515232.907020871,-113.840152179,46.831919908,51523.5818141252,423478925.57566
"468","459730",2013,3.3287941148,249861.23137828,-113.840152179,46.831919908,24986.4560172395,107992387.366722
"469","459730",2014,2.759321784,562773.421518729,-113.840152179,46.831919908,56277.6180840513,500268080.77818
"470","459730",2015,2.7491960157,340425.455326355,-113.840152179,46.831919908,34042.8204522371,193645334.385579
"471","460768",2001,2.0873185345,9898.18960648333,-119.29199738,46.9972880476,990.027692501783,243299.373304909
"472","460768",2002,2.0680221808,9467.18588312954,-119.29199738,46.9972880476,946.925390531034,223686.951137515
"473","460768",2003,2.2395864434,10230.1603989556,-119.29199738,46.9972880476,1023.2399985399,258939.353715008
"474","460768",2004,2.355838474,9908.19323890996,-119.29199738,46.9972880476,991.054907738396,243776.226486123
"475","460768",2005,1.966452497,10793.1162025766,-119.29199738,46.9972880476,1079.50826550736,286479.759562848
"476","460768",2006,2.1264691549,12830.5734290526,-119.29199738,46.9972880476,1283.26998982075,397078.852926239
"477","460768",2007,1.9521839628,17978.3342850661,-119.29199738,46.9972880476,1798.02864690289,750664.43613379
"478","460768",2008,1.9155458357,12915.4921209259,-119.29199738,46.9972880476,1291.74076667616,402042.28790239
"479","460768",2009,1.8377038964,12413.3660245185,-119.29199738,46.9972880476,1241.52037284149,373040.042592297
"480","460768",2010,2.0252144491,10885.0184105513,-119.29199738,46.9972880476,1088.70436250004,291105.063841922
"481","460768",2011,1.820089992,12737.2183442919,-119.29199738,46.9972880476,1273.90384342839,391624.553623076
"482","460768",2012,2.2995871609,10613.2048592373,-119.29199738,46.9972880476,1061.55044463982,277548.163290782
"483","460768",2013,2.4259273718,14195.0023042539,-119.29199738,46.9972880476,1419.74282316257,480562.014476621
"484","460768",2014,2.1993470541,13385.561360587,-119.29199738,46.9972880476,1338.77607076411,430129.370365252
"485","460768",2015,2.3380092319,14811.0512035782,-119.29199738,46.9972880476,1481.33892128101,520685.327948138
"486","461718",2001,2.0873185345,31631.4215441873,-119.289123924,47.1084965871,3163.35088627218,2181209.92155443
"487","461718",2002,2.0680221808,27414.72043439,-119.289123924,47.1084965871,2741.67884565708,1664895.95400846
"488","461718",2003,2.2395864434,33770.9204372343,-119.289123924,47.1084965871,3377.31600236777,2468118.48406911
"489","461718",2004,2.355838474,31021.0620315262,-119.289123924,47.1084965871,3102.34178700002,2102462.54069909
"490","461718",2005,1.966452497,35638.5130236937,-119.289123924,47.1084965871,3564.04794761907,2732088.9720494
"491","461718",2006,2.1264691549,52379.6511863694,-119.289123924,47.1084965871,5238.17776555243,5652723.58180737
"492","461718",2007,1.9521839628,146239.374409639,-119.289123924,47.1084965871,14624.1326593602,39278171.2503347
"493","461718",2008,1.9155458357,55371.0030936268,-119.289123924,47.1084965871,5537.29186394625,6277603.4480186
"494","461718",2009,1.8377038964,51364.3840802114,-119.289123924,47.1084965871,5136.62217841078,5447582.33012354
"495","461718",2010,2.0252144491,39079.877990724,-119.289123924,47.1084965871,3908.19032051731,3251474.58723816
"496","461718",2011,1.820089992,52533.3963461428,-119.289123924,47.1084965871,5253.52164361348,5684028.07513727
"497","461718",2012,2.2995871609,38760.1748687552,-119.289123924,47.1084965871,3876.24744559161,3201479.35339631
"498","461718",2013,2.4259273718,68033.0478758893,-119.289123924,47.1084965871,6803.54738032611,9261120.4261551
"499","461718",2014,2.1993470541,59650.5849853629,-119.289123924,47.1084965871,5965.2784332417,7225086.13952889
"500","461718",2015,2.3380092319,74238.0707692777,-119.289123924,47.1084965871,7424.04087785096,10920250.4832814
"501","462322",2001,1.9692367837,9709.19471992368,-119.287570215,46.9098698552,971.116395670738,234598.911707004
"502","462322",2002,1.9428313717,9058.77026307791,-119.287570215,46.9098698552,906.071309444961,205814.879430174
"503","462322",2003,2.0930967584,9511.34377815552,-119.287570215,46.9098698552,951.343687491392,225661.682774229
"504","462322",2004,2.2033862959,9058.29393337239,-119.287570215,46.9098698552,906.049731966829,205805.625205827
"505","462322",2005,1.835920593,9802.85304763538,-119.287570215,46.9098698552,980.468896822838,238883.06198653
"506","462322",2006,1.994823129,11512.471479781,-119.287570215,46.9098698552,1151.446630291,323589.919193801
"507","462322",2007,1.8066513392,15302.8559868157,-119.287570215,46.9098698552,1530.46626381549,553769.110266598
"508","462322",2008,1.8213643206,11082.1227149013,-119.287570215,46.9098698552,1108.39440792219,301125.524591541
"509","462322",2009,1.7836152803,10527.8799704016,-119.287570215,46.9098698552,1052.96635856819,273325.771116112
"510","462322",2010,1.8890516485,9029.02456648838,-119.287570215,46.9098698552,903.091361813688,204538.68232645
"511","462322",2011,1.689952015,10451.9567053358,-119.287570215,46.9098698552,1045.36466573508,269612.034785111
"512","462322",2012,2.1578675225,8411.12296600855,-119.287570215,46.9098698552,841.328083353105,178930.753094024
"513","462322",2013,2.2873728922,11226.7963046299,-119.287570215,46.9098698552,1122.90836775221,308613.863507596
"514","462322",2014,2.0753291116,10393.5687388563,-119.287570215,46.9098698552,1039.56440679679,266794.451354649
"515","462322",2015,2.2331594366,11371.8118434326,-119.287570215,46.9098698552,1137.40450028692,316179.302486003
"516","463477",2001,3.3023490623,1887998.48314362,-113.217866739,42.6289542739,188800.178549268,4917274720.05982
"517","463477",2002,3.3183681663,1681660.96328765,-113.217866739,42.6289542739,168166.428165582,3952043513.86103
"518","463477",2003,3.2598756241,1701644.91077528,-113.217866739,42.6289542739,170164.81706509,4041184345.49231
"519","463477",2004,3.709951572,1592676.72056592,-113.217866739,42.6289542739,159268.043051749,3566497887.29272
"520","463477",2005,3.755901778,1539060.08286003,-113.217866739,42.6289542739,153906.383876181,3343195978.35185
"521","463477",2006,4.7705211901,2604192.7707267,-113.217866739,42.6289542739,260419.754124789,9024871743.11811
"522","463477",2007,4.0621765845,2230040.42651312,-113.217866739,42.6289542739,223004.448868971,6733743049.33348
"523","463477",2008,4.1702416959,1849947.67771018,-113.217866739,42.6289542739,184995.184795188,4731836848.89705
"524","463477",2009,4.1693242822,2692294.93943573,-113.217866739,42.6289542739,269229.910876001,9609995941.80658
"525","463477",2010,4.1487162935,2363991.15442014,-113.217866739,42.6289542739,236399.530313643,7517759596.55241
"526","463477",2011,3.7121007103,4164974.53118001,-113.217866739,42.6289542739,416497.824328072,21902916314.5896
"527","463477",2012,3.7465692026,3846906.33612171,-113.217866739,42.6289542739,384691.008269091,18852132626.0273
"528","463477",2013,3.7608075797,1871925.33066384,-113.217866739,42.6289542739,187192.909147142,4838534815.33989
"529","463477",2014,4.2162447142,1905787.8410634,-113.217866739,42.6289542739,190579.205730811,5005125775.73977
"530","463477",2015,4.1946676218,2224130.91235839,-113.217866739,42.6289542739,222413.510702601,6700091644.16953
"531","464344",2001,2.1451628228,31823.1043755222,-116.114276213,44.567561404,3182.5249538345,2206239.93018315
"532","464344",2002,2.765683657,56838.6025270977,-116.114276213,44.567561404,5684.13682107547,6595630.82990426
"533","464344",2003,3.5602254919,64429.7394247588,-116.114276213,44.567561404,6443.32996502507,8357119.72258469
"534","464344",2004,3.5646698072,55345.6799698786,-116.114276213,44.567561404,5534.92446396858,6272536.86477794
"535","464344",2005,2.8178253528,48850.7982753469,-116.114276213,44.567561404,4885.36161006997,4955401.41809677
"536","464344",2006,3.9886567433,77658.5284874618,-116.114276213,44.567561404,7766.25171442051,11890091.4838359
"537","464344",2007,4.5246456183,50544.3078135666,-116.114276213,44.567561404,5054.88324591849,5285063.72534503
"538","464344",2008,2.8367233139,65754.487556593,-116.114276213,44.567561404,6575.73242799069,8684320.08703965
"539","464344",2009,2.6778283307,58041.9474076408,-116.114276213,44.567561404,5804.46252359715,6861727.81865474
"540","464344",2010,3.3006858936,54026.0844325852,-116.114276213,44.567561404,5402.93851184788,5993114.39939632
"541","464344",2011,2.6925105574,75277.7155082846,-116.114276213,44.567561404,7528.0408018842,11210884.6228795
"542","464344",2012,3.2716834621,66368.4899385699,-116.114276213,44.567561404,6637.1761622032,8838169.73223277
"543","464344",2013,4.2708347386,55816.1545751494,-116.114276213,44.567561404,5582.0425409888,6373738.31582102
"544","464344",2014,3.7276624491,61049.4207325371,-116.114276213,44.567561404,6105.31483949862,7548666.93854607
"545","464344",2015,3.093488317,44994.1703839136,-116.114276213,44.567561404,4499.72638722306,4242803.65471947
"546","467587",2001,5.772629578,6635.29604303015,-122.134501343,45.4501448006,664.106867260815,114478.340868944
"547","467587",2002,4.9721803186,12622.3884299888,-122.134501343,45.4501448006,1262.73606103074,385167.487494417
"548","467587",2003,6.1705827718,8136.66724215635,-122.134501343,45.4501448006,814.283782492815,168226.079780326
"549","467587",2004,6.1336315773,10855.685930254,-122.134501343,45.4501448006,1086.18195618313,289832.916846733
"550","467587",2005,5.1580777632,7668.58015461308,-122.134501343,45.4501448006,767.373823237628,150396.84795604
"551","467587",2006,5.1740374276,13090.1637530985,-122.134501343,45.4501448006,1309.53377905261,412562.448969907
"552","467587",2007,4.5534810542,17508.5901693475,-122.134501343,45.4501448006,1751.31436504017,714265.901292777
"553","467587",2008,5.8523455383,17453.0588719337,-122.134501343,45.4501448006,1745.8911217472,710095.41445359
"554","467587",2009,4.7811383261,17604.7248157466,-122.134501343,45.4501448006,1760.95059540727,721704.517332807
"555","467587",2010,4.399900345,13004.8293265591,-122.134501343,45.4501448006,1300.92292269041,407455.29908661
"556","467587",2011,5.2067129348,23853.4523119616,-122.134501343,45.4501448006,2385.86590248964,1280560.98916823
"557","467587",2012,4.7511637694,19572.0987176554,-122.134501343,45.4501448006,1957.68498814248,881464.241760868
"558","467587",2013,4.0872448242,18133.7922483475,-122.134501343,45.4501448006,1813.78794931717,763135.463849233
"559","467587",2014,4.9103097313,18506.1130874495,-122.134501343,45.4501448006,1851.10233971808,793048.981929803
"560","467587",2015,4.0978485717,10566.4267022119,-122.134501343,45.4501448006,1057.05245507836,275331.867852133
"561","467780",2001,6.3095812175,2627.96318751554,-122.066931837,45.4853888606,263.427276873304,19975.4889910401
"562","467780",2002,5.5388664082,5510.6136242637,-122.066931837,45.4853888606,551.61524906719,80637.6101914952
"563","467780",2003,6.8710558377,4188.74488260232,-122.066931837,45.4853888606,419.561593844002,48100.8200333528
"564","467780",2004,7.1030619637,5520.65748854204,-122.066931837,45.4853888606,552.776055050574,80958.3081367969
"565","467780",2005,5.5856296394,4105.56354966365,-122.066931837,45.4853888606,411.114917930305,46288.7742382383
"566","467780",2006,5.9875397169,6169.00802842245,-122.066931837,45.4853888606,617.499556813935,99782.9289312912
"567","467780",2007,5.1857026861,6436.34496730678,-122.066931837,45.4853888606,644.153066999288,108070.666832957
"568","467780",2008,7.2212933761,6738.89424218729,-122.066931837,45.4853888606,674.611553556339,117921.333086039
"569","467780",2009,5.5708595336,5894.77418334535,-122.066931837,45.4853888606,590.034504287895,91568.9921072456
"570","467780",2010,5.1000881634,4854.8103295191,-122.066931837,45.4853888606,485.99104176825,63485.7064639242
"571","467780",2011,6.1680737117,5338.65381514454,-122.066931837,45.4853888606,534.482188885624,75973.9477425814
"572","467780",2012,5.4951115826,4122.34727826048,-122.066931837,45.4853888606,412.784238984308,46644.2942948504
"573","467780",2013,4.6927659947,3474.68418035797,-122.066931837,45.4853888606,347.937694635267,33779.9660519263
"574","467780",2014,5.7901020987,2538.59011379785,-122.066931837,45.4853888606,254.438021589655,18707.9829965055
"575","467780",2015,4.6737496126,1511.0064926284,-122.066931837,45.4853888606,151.5680242241,7034.74425936345
"576","468740",2001,8.6724990011,971283.753976179,-122.693133387,45.4099500011,97129.242647518,1401890751.45293
"577","468740",2002,8.60495451,3113930.58758805,-122.693133387,45.4099500011,311393.919254256,12648164026.7935
"578","468740",2003,9.412415974,2812490.19531681,-122.693133387,45.4099500011,281249.960773278,10436124615.6826
"579","468740",2004,8.937450153,2449020.17568216,-122.693133387,45.4099500011,244902.911313231,8036483310.16886
"580","468740",2005,8.3555117833,1855018.22067597,-122.693133387,45.4099500011,185502.657618775,4756374914.31026
"581","468740",2006,8.5161973811,4276415.31420485,-122.693133387,45.4099500011,427642.383040223,23022628664.5958
"582","468740",2007,7.8224150562,3698934.75383745,-122.693133387,45.4099500011,369894.257625251,17506422758.3289
"583","468740",2008,8.3566046493,3734705.1694144,-122.693133387,45.4099500011,373471.352601905,17827448733.4385
"584","468740",2009,7.864677348,2586372.44824997,-122.693133387,45.4099500011,258638.031292732,8908642607.92623
"585","468740",2010,7.7994723065,3741105.09567963,-122.693133387,45.4099500011,374111.289515194,17885169077.0969
"586","468740",2011,8.5895551433,4697052.50386462,-122.693133387,45.4099500011,469706.109341976,27484461521.5962
"587","468740",2012,8.1375510072,3770514.31668756,-122.693133387,45.4099500011,377052.245423857,18151562353.1966
"588","468740",2013,7.5411365109,3195410.56079687,-122.693133387,45.4099500011,319541.810193338,13280291033.3554
"589","468740",2014,8.2034182001,2672072.8271966,-122.693133387,45.4099500011,267208.10306148,9474190167.97316
"590","468740",2015,7.955693554,2509034.40907315,-122.693133387,45.4099500011,250904.23647667,8412359545.31804
"591","470039",2001,4.2047394795,1013238.97783924,-123.331384592,46.9550272654,101324.318257872,1518402859.73053
"592","470039",2002,3.5058293045,4268329.96818369,-123.331384592,46.9550272654,426833.347401299,22940459980.0643
"593","470039",2003,3.9621973406,2400561.07482476,-123.331384592,46.9550272654,240056.50370221,7738847301.59334
"594","470039",2004,3.8280125624,2497584.77338308,-123.331384592,46.9550272654,249758.860139564,8339998278.07928
"595","470039",2005,3.8278299197,1900153.29194628,-123.331384592,46.9550272654,190015.71197762,4977220425.60323
"596","470039",2006,3.9414126112,3395617.10619352,-123.331384592,46.9550272654,339562.104760613,14894912429.605
"597","470039",2007,3.3478716607,3525182.40127577,-123.331384592,46.9550272654,352518.574914743,15986156033.5661
"598","470039",2008,2.9091365128,2837172.98627362,-123.331384592,46.9550272654,283717.589541013,10609682506.5129
"599","470039",2009,2.622235095,2145120.00362354,-123.331384592,46.9550272654,214512.262585864,6257778557.93
"600","470039",2010,3.5617543718,2416436.01816053,-123.331384592,46.9550272654,241643.95799149,7835756877.39127
"601","470039",2011,3.0178251911,3006643.65297482,-123.331384592,46.9550272654,300664.667080001,11837928296.3168
"602","470039",2012,3.5095163093,2399165.46001644,-123.331384592,46.9550272654,239916.896953275,7730351847.76785
"603","470039",2013,3.9728495458,2232712.96121506,-123.331384592,46.9550272654,223271.693406461,6748987522.8663
"604","470039",2014,3.0480339192,1787799.66410488,-123.331384592,46.9550272654,178780.27121388,4436173185.97339
"605","470039",2015,2.5225508207,1332757.02945156,-123.331384592,46.9550272654,133275.955200238,2547682061.74273
"606","470712",2001,5.1639347291,102004.372844789,-122.908622065,47.0265857396,10200.9536779518,19897289.7379363
"607","470712",2002,4.7078259377,255552.792522151,-122.908622065,47.0265857396,25555.7500348089,112685088.182666
"608","470712",2003,5.2063794782,184964.37945152,-122.908622065,47.0265857396,18496.9585830998,61206353.9227516
"609","470712",2004,4.7637419164,205066.000063767,-122.908622065,47.0265857396,20507.0763805683,74368794.5080234
"610","470712",2005,4.9106037891,187793.951230511,-122.908622065,47.0265857396,18779.88618343,62986023.0279075
"611","470712",2006,5.0578446614,312862.313031745,-122.908622065,47.0265857396,31286.7370876406,165111997.794348
"612","470712",2007,4.9915943482,349522.819930761,-122.908622065,47.0265857396,34952.7811525109,203534353.54183
"613","470712",2008,4.7290577956,279048.867115069,-122.908622065,47.0265857396,27905.3596172865,133042599.305915
"614","470712",2009,4.1305927275,240717.086975943,-122.908622065,47.0265857396,24072.1217568671,100652353.585475
"615","470712",2010,4.7055610915,275658.759488851,-122.908622065,47.0265857396,27566.3465049942,130007318.915296
"616","470712",2011,4.4669760612,339643.677309869,-122.908622065,47.0265857396,33964.814428593,192808389.196074
"617","470712",2012,4.8651961797,297036.233243031,-122.908622065,47.0265857396,29704.1098439211,149697093.740857
"618","470712",2013,5.1720833339,259082.648311518,-122.908622065,47.0265857396,25908.7820394852,115642256.50368
"619","470712",2014,4.6421083249,265047.049638035,-122.908622065,47.0265857396,26505.169174636,120719643.999031
"620","470712",2015,4.4110589037,193035.715297743,-122.908622065,47.0265857396,19304.0126356647,66346187.9579866
"621","472271",2001,9.2314231598,94139.2082826879,-122.242641407,47.6107796529,9414.84397058477,17101537.3088847
"622","472271",2002,8.938729714,217995.7734497,-122.242641407,47.6107796529,21800.4712179414,83472463.0411288
"623","472271",2003,9.3424436461,129286.507014887,-122.242641407,47.6107796529,12929.5849458533,31128927.9566164
"624","472271",2004,8.7270427966,155114.936015597,-122.242641407,47.6107796529,15512.3663058394,43903799.3644539
"625","472271",2005,8.5310171944,129165.93366233,-122.242641407,47.6107796529,12917.4464679524,31073772.0209134
"626","472271",2006,9.0037998442,204214.981305574,-122.242641407,47.6107796529,20422.3985105418,73790046.809314
"627","472271",2007,9.1198130653,227718.314168184,-122.242641407,47.6107796529,22772.7433981249,90640459.9248973
"628","472271",2008,8.4753184754,170985.903796559,-122.242641407,47.6107796529,17099.4379115034,52768738.8010272
"629","472271",2009,7.2061491427,199807.255127903,-122.242641407,47.6107796529,19981.4461277046,70810674.5015872
"630","472271",2010,8.1682970997,149756.307060519,-122.242641407,47.6107796529,14976.4475357619,41083926.8302849
"631","472271",2011,7.6772909626,279127.850426632,-122.242641407,47.6107796529,27913.5527717595,133116362.61648
"632","472271",2012,8.1665084267,228088.820766628,-122.242641407,47.6107796529,22809.6987275055,90918384.0159634
"633","472271",2013,8.6164034164,202057.381356205,-122.242641407,47.6107796529,20206.5997759621,72324748.5333823
"634","472271",2014,8.5160594245,225410.597147027,-122.242641407,47.6107796529,22541.9113206452,88913538.9171342
"635","472271",2015,8.3330228545,182915.930132011,-122.242641407,47.6107796529,18292.4263154866,59934758.5802063
"636","479277",2001,5.1329138241,370733.125120727,-119.314286634,37.6415134596,37073.8258034551,227481732.114374
"637","479277",2002,4.90842047,347417.427542388,-119.314286634,37.6415134596,34742.2335962858,201225628.513905
"638","479277",2003,5.7401895264,313862.59479192,-119.314286634,37.6415134596,31386.8334981446,166110807.816811
"639","479277",2004,4.2738470266,329848.665892165,-119.314286634,37.6415134596,32985.2939739192,182444184.788987
"640","479277",2005,5.0080980476,398691.211119557,-119.314286634,37.6415134596,39869.6219217605,260953643.64032
"641","479277",2006,6.2352877468,497657.744254165,-119.314286634,37.6415134596,49766.3979541912,396623225.641741
"642","479277",2007,3.9391636582,284070.733557428,-119.314286634,37.6415134596,28407.4672721086,137598596.392898
"643","479277",2008,4.2245181458,231728.675133409,-119.314286634,37.6415134596,23173.2899651555,93674113.5143327
"644","479277",2009,4.977111625,220006.408518725,-119.314286634,37.6415134596,22001.138563035,84929110.7384759
"645","479277",2010,5.6259412518,227989.41307624,-119.314286634,37.6415134596,22799.5039017492,90841673.4297432
"646","479277",2011,4.8149732541,390862.928345525,-119.314286634,37.6415134596,39086.7743318779,251363571.158869
"647","479277",2012,4.1040575678,197515.556856022,-119.314286634,37.6415134596,19751.966091359,69283021.2291295
"648","479277",2013,2.9930633629,161304.843295552,-119.314286634,37.6415134596,16130.7836358915,47266941.0288834
"649","479277",2014,3.7260263249,115258.688301646,-119.314286634,37.6415134596,11526.2414327971,25058374.4368856
"650","479277",2015,4.3779092779,68245.836504942,-119.314286634,37.6415134596,6825.02144142199,9316389.22772971
