"","lagoslakeid","water_year","fluxTN_kgy","fluxTP_kgy","flux_TN_kgy_se","flux_TP_kgy_se","p.value_TN","p.value_TP","lake_namelagos"
"1","328600",2001,93868.0903148946,7737.27278974426,15165.7066429395,844.130230173366,0,0,"Tongue River Reservoir"
"2","328600",2002,64813.0424986238,7135.76382166664,9106.27271052144,751.390827867744,0,0,"Tongue River Reservoir"
"3","328600",2003,158230.200069565,29656.795570902,35992.1884148275,3371.98202515209,0,0,"Tongue River Reservoir"
"4","328600",2004,50749.5761346596,6525.09987682835,9917.17080163517,717.505423047517,0,0,"Tongue River Reservoir"
"5","328600",2005,149446.825269404,41605.9261517808,52301.2681267914,5399.58907264575,0,0,"Tongue River Reservoir"
"6","328600",2006,54385.5310289919,10018.3399762413,14571.3586468994,1052.13912405456,0,0,"Tongue River Reservoir"
"7","328600",2007,189452.021825277,62632.0977804494,82238.9210119572,9138.24347491487,0,0,"Tongue River Reservoir"
"8","328600",2008,194493.913031225,65179.5454431658,87874.6749420008,9813.41275618656,0,0,"Tongue River Reservoir"
"9","328600",2009,149818.861527631,37352.551233309,48989.7983276676,4114.13356422982,0,0,"Tongue River Reservoir"
"10","328600",2010,168526.5209507,46154.738235892,63940.6969388098,6100.54263512709,0,0,"Tongue River Reservoir"
"11","328600",2011,311960.629679046,95667.9285285619,158293.742080407,17229.3553961506,0,0,"Tongue River Reservoir"
"12","328600",2012,142670.118570202,22289.5181598657,34909.2364927968,2311.93136227697,0,0,"Tongue River Reservoir"
"13","328600",2013,134096.691609172,19239.7732837658,32633.4076566174,1990.17761578826,0,0,"Tongue River Reservoir"
"14","328600",2014,394028.155855037,59627.5470976144,143580.0074935,8465.33676878208,0,0,"Tongue River Reservoir"
"15","328600",2015,387542.342329264,49645.7383508239,170343.03417809,7475.79740196218,0,0,"Tongue River Reservoir"
"16","450041",2001,13724.2646815974,1208.98437262728,943.924865121252,141.164410561427,0,0,"Taylor Park Reservoir"
"17","450041",2002,7626.14942078449,672.609054446042,591.9254095651,80.1549683726298,0,0,"Taylor Park Reservoir"
"18","450041",2003,13174.5511204128,1209.54245167807,1058.70430015064,157.78600796561,0,0,"Taylor Park Reservoir"
"19","450041",2004,12610.3058179803,1105.05841514053,861.203562264355,126.72526027571,0,0,"Taylor Park Reservoir"
"20","450041",2005,16152.9988108806,1447.3551520432,1153.26002497115,176.648436557256,0,0,"Taylor Park Reservoir"
"21","450041",2006,15324.6909440366,1334.26315212313,1089.0965316808,156.649025514079,0,0,"Taylor Park Reservoir"
"22","450041",2007,16393.9625621796,1387.01730005371,1161.75667997424,162.566337553049,0,0,"Taylor Park Reservoir"
"23","450041",2008,24539.9439315737,2360.33966570146,2556.99840309614,355.341072704325,0,0,"Taylor Park Reservoir"
"24","450041",2009,21168.0730099622,1908.15382779559,1726.36636692725,258.327755780597,0,0,"Taylor Park Reservoir"
"25","450041",2010,15508.7481969246,1397.99864596773,1265.25771628434,179.538713123589,0,0,"Taylor Park Reservoir"
"26","450041",2011,22375.9398031428,2131.24018058548,2185.03171147089,305.347126685457,0,0,"Taylor Park Reservoir"
"27","450041",2012,8725.38679689454,756.647413323459,687.683634531684,88.8841354755429,0,0,"Taylor Park Reservoir"
"28","450041",2013,11869.9153373773,1068.32015582088,858.187092528255,128.459462232707,0,0,"Taylor Park Reservoir"
"29","450041",2014,20194.1411751056,1816.48317779631,1676.33611654157,238.261437026398,0,0,"Taylor Park Reservoir"
"30","450041",2015,19069.0605586045,1702.90373633881,1583.95110363393,217.967496583825,0,0,"Taylor Park Reservoir"
"31","450098",2001,96482.1459369607,10148.2731075889,4666.17441069762,1411.89529527043,0,0,"Blue Mesa Reservoir"
"32","450098",2002,41345.0226389568,3973.87881997565,2287.75467997678,504.378060581394,0,0,"Blue Mesa Reservoir"
"33","450098",2003,91729.6564397328,11663.0223052827,4929.11630941204,1410.45144582827,0,0,"Blue Mesa Reservoir"
"34","450098",2004,78534.3802911072,9066.02317404717,3683.3469175803,887.478447136606,0,0,"Blue Mesa Reservoir"
"35","450098",2005,137127.961784361,19038.5097225577,7144.7848416532,2159.70135833057,0,0,"Blue Mesa Reservoir"
"36","450098",2006,132647.397015992,17620.9203003236,6792.68230969587,1891.09457648885,0,0,"Blue Mesa Reservoir"
"37","450098",2007,104150.689114799,12557.2587572391,4866.1925613387,1252.30959768378,0,0,"Blue Mesa Reservoir"
"38","450098",2008,239509.547907874,39940.7401148754,15512.4752089919,6423.94800583402,0,0,"Blue Mesa Reservoir"
"39","450098",2009,177376.787784513,26167.2882644575,10559.0611334894,3353.4577537257,0,0,"Blue Mesa Reservoir"
"40","450098",2010,113388.986795012,14718.538430682,6004.60056488121,1692.85369045421,0,0,"Blue Mesa Reservoir"
"41","450098",2011,221898.401900362,34047.825311365,14007.2462128766,5134.08981959441,0,0,"Blue Mesa Reservoir"
"42","450098",2012,44408.810906028,4230.78909266799,2442.56943306101,490.380792842029,0,0,"Blue Mesa Reservoir"
"43","450098",2013,68980.3852133748,7154.32798596301,3410.9856509715,775.555551392444,0,0,"Blue Mesa Reservoir"
"44","450098",2014,192003.967730172,23269.4219682947,11647.829520403,3617.15583594855,0,0,"Blue Mesa Reservoir"
"45","450098",2015,151874.792949099,15951.5400719362,8385.64092659377,2742.98471682021,0,0,"Blue Mesa Reservoir"
"46","450098",2001,50573.7391308491,7898.10857096774,2542.28549835993,512.663848309013,0,0,"Blue Mesa Reservoir"
"47","450098",2002,15104.1951456306,2529.37703498779,795.200711738588,165.044498114035,0,0,"Blue Mesa Reservoir"
"48","450098",2003,29559.6344132119,4377.28235319457,1475.33622183302,281.341454113185,0,0,"Blue Mesa Reservoir"
"49","450098",2004,36336.3076124684,5660.83574271979,1699.67138132982,342.945023705477,0,0,"Blue Mesa Reservoir"
"50","450098",2005,43628.6142958217,6686.54415403585,2120.8746431018,419.546279314214,0,0,"Blue Mesa Reservoir"
"51","450098",2006,41768.9421806963,6486.09232949431,1941.74333813668,389.253703837853,0,0,"Blue Mesa Reservoir"
"52","450098",2007,62080.7466708102,9668.63213327053,3178.5482886969,639.316010724471,0,0,"Blue Mesa Reservoir"
"53","450098",2008,101152.731462742,16503.5346512074,6213.06331812476,1312.0153176511,0,0,"Blue Mesa Reservoir"
"54","450098",2009,71865.6963195698,11512.5664460335,4017.10256258692,832.689732854392,0,0,"Blue Mesa Reservoir"
"55","450098",2010,43540.7057357098,6767.61619490616,2152.05888591596,431.143539937049,0,0,"Blue Mesa Reservoir"
"56","450098",2011,67740.4606643881,10535.579550518,3619.46523755634,725.451858333378,0,0,"Blue Mesa Reservoir"
"57","450098",2012,16114.6969649266,2562.86361255369,832.9094185688,165.726569401186,0,0,"Blue Mesa Reservoir"
"58","450098",2013,30736.8488753372,4578.66637162652,1452.06643004229,278.371842823266,0,0,"Blue Mesa Reservoir"
"59","450098",2014,90552.075022285,14773.4356256926,5470.34737044459,1159.5312150441,0,0,"Blue Mesa Reservoir"
"60","450098",2015,95797.0118824654,15346.5726189523,5748.72115605613,1187.62257423351,0,0,"Blue Mesa Reservoir"
"61","450461",2001,394726.104832102,70049.7243043341,36080.0273031075,13713.0892206795,0,7.7715611723761e-16,"Flaming Gorge Reservoir; Buckboard Reservoir"
"62","450461",2002,276412.330903448,42481.3851645252,22870.9368606322,7431.90958000734,0,7.7715611723761e-16,"Flaming Gorge Reservoir; Buckboard Reservoir"
"63","450461",2003,356557.952553096,55701.687176161,23487.6278768526,7896.83708023816,0,7.7715611723761e-16,"Flaming Gorge Reservoir; Buckboard Reservoir"
"64","450461",2004,371728.025698005,52845.5358261235,22910.7651512082,7034.67611624777,0,7.7715611723761e-16,"Flaming Gorge Reservoir; Buckboard Reservoir"
"65","450461",2005,640941.675366443,100263.874469671,60790.4531487164,21979.262409978,0,7.7715611723761e-16,"Flaming Gorge Reservoir; Buckboard Reservoir"
"66","450461",2006,416343.404305507,58261.2830944157,28390.2119487242,8788.79649126062,0,7.7715611723761e-16,"Flaming Gorge Reservoir; Buckboard Reservoir"
"67","450461",2007,255754.591475941,29877.6865360136,16181.1976150456,4044.93225180076,0,7.7715611723761e-16,"Flaming Gorge Reservoir; Buckboard Reservoir"
"68","450461",2008,312162.359650548,38910.4023067591,21008.9408999352,5648.16217278298,0,7.7715611723761e-16,"Flaming Gorge Reservoir; Buckboard Reservoir"
"69","450461",2009,583995.971480233,82026.7658298112,78729.4489767501,27415.7723166232,0,7.7715611723761e-16,"Flaming Gorge Reservoir; Buckboard Reservoir"
"70","450461",2010,302188.106862405,36802.1070575609,18189.3403671738,4762.33432118219,0,7.7715611723761e-16,"Flaming Gorge Reservoir; Buckboard Reservoir"
"71","450461",2011,771283.471802999,118696.980561864,110881.283345387,40999.0137588809,0,7.7715611723761e-16,"Flaming Gorge Reservoir; Buckboard Reservoir"
"72","450461",2012,338996.539438348,45873.0968822433,20823.2858712742,6044.0530389619,0,7.7715611723761e-16,"Flaming Gorge Reservoir; Buckboard Reservoir"
"73","450461",2013,256244.790802778,34080.951100584,18890.9089667926,5387.41241518882,0,7.7715611723761e-16,"Flaming Gorge Reservoir; Buckboard Reservoir"
"74","450461",2014,708952.788900243,130992.747301573,90500.5005479653,39173.3133570508,0,7.7715611723761e-16,"Flaming Gorge Reservoir; Buckboard Reservoir"
"75","450461",2015,697567.486356019,135802.449167947,94321.7474590572,42476.0341840618,0,7.7715611723761e-16,"Flaming Gorge Reservoir; Buckboard Reservoir"
"76","453515",2001,33231.0197032535,813.557829887567,3043.7820406842,112.841094943094,0,0,"Vallecito Reservoir"
"77","453515",2002,7626.46882749935,145.264612150728,603.139366198892,15.3419242457827,0,0,"Vallecito Reservoir"
"78","453515",2003,16447.7737222434,402.839523166144,1242.66850544338,43.5276965539036,0,0,"Vallecito Reservoir"
"79","453515",2004,21596.5052887056,580.48700242709,1677.88358694141,60.2775395976984,0,0,"Vallecito Reservoir"
"80","453515",2005,36235.8979525491,1175.31453799796,3363.2249688119,149.848517195107,0,0,"Vallecito Reservoir"
"81","453515",2006,20758.0434320262,579.904015808292,1658.6896057794,46.7089805865421,0,0,"Vallecito Reservoir"
"82","453515",2007,28504.3750608174,914.658821183883,2606.29667339882,91.8480765495811,0,0,"Vallecito Reservoir"
"83","453515",2008,25331.3352407731,805.190691731144,2051.80922231705,69.5736697971007,0,0,"Vallecito Reservoir"
"84","453515",2009,21066.0260814628,649.719560461258,1644.44275509389,55.2253585367805,0,0,"Vallecito Reservoir"
"85","453515",2010,20190.6315049561,625.969739823528,1465.37358909031,51.0357161454732,0,0,"Vallecito Reservoir"
"86","453515",2011,24392.6164300848,759.660221459844,1673.69423488507,62.138673422784,0,0,"Vallecito Reservoir"
"87","453515",2012,18225.7743133068,460.551153461936,970.232508859975,24.111947881179,0,0,"Vallecito Reservoir"
"88","453515",2013,19546.428430793,532.314856405085,1095.37660518255,35.6205563665685,0,0,"Vallecito Reservoir"
"89","453515",2014,27635.9098737744,734.06326011316,1642.51008442012,57.837762925777,0,0,"Vallecito Reservoir"
"90","453515",2015,36254.8058900796,999.746276821579,2765.91962150253,102.220109556401,0,0,"Vallecito Reservoir"
"91","454129",2001,5557.069012,1156.489022,1697.722057,NA,2.36477504245158e-14,3.29847260616134e-13,"Lake Havasu"
"92","454129",2002,1747.277445,207.5756223,293.6361403,34.55968183,2.36477504245158e-14,3.29847260616134e-13,"Lake Havasu"
"93","454129",2003,983.6730795,154.9941943,149.771862,33.97408578,2.36477504245158e-14,3.29847260616134e-13,"Lake Havasu"
"94","454129",2004,11459.82542,9967.713306,4891.152801,26140.43128,2.36477504245158e-14,3.29847260616134e-13,"Lake Havasu"
"95","454129",2005,47980.59415,7950.418359,248695.0929,4643223.526,2.36477504245158e-14,3.29847260616134e-13,"Lake Havasu"
"96","454129",2006,24186.5712,7097.80711,5871.135583,6454.201914,2.36477504245158e-14,3.29847260616134e-13,"Lake Havasu"
"97","454129",2007,5695.461509,797.7275303,575.8864742,77.71089625,2.36477504245158e-14,3.29847260616134e-13,"Lake Havasu"
"98","454129",2008,2243.376899,382.4167909,199.0803251,60.9549247,2.36477504245158e-14,3.29847260616134e-13,"Lake Havasu"
"99","454129",2009,3160.100147,782.6613752,510.909616,203.168651,2.36477504245158e-14,3.29847260616134e-13,"Lake Havasu"
"100","454129",2010,24838.76083,22170.47053,8502.545458,28787.38444,2.36477504245158e-14,3.29847260616134e-13,"Lake Havasu"
"101","454129",2011,2462.179013,551.8525688,275.1391985,49.9989244,2.36477504245158e-14,3.29847260616134e-13,"Lake Havasu"
"102","454129",2012,1718.281471,443.929887,216.3921141,43.04956033,2.36477504245158e-14,3.29847260616134e-13,"Lake Havasu"
"103","454129",2013,5476.549159,10579.94178,2017.412731,26866.10091,2.36477504245158e-14,3.29847260616134e-13,"Lake Havasu"
"104","454129",2014,1373.493534,755.9309377,327.0947973,320.6946041,2.36477504245158e-14,3.29847260616134e-13,"Lake Havasu"
"105","454129",2015,132.1940864,82.71679881,28.19463292,13.85196414,2.36477504245158e-14,3.29847260616134e-13,"Lake Havasu"
"106","454129",2001,4356067.53167803,191869.167514481,266009.02864503,17638.7731331145,0,0,"Lake Havasu"
"107","454129",2002,4567790.41908394,190668.846625846,232290.011306187,14582.063178861,0,0,"Lake Havasu"
"108","454129",2003,4645708.2299558,184246.364954354,224982.256958117,13405.4511501308,0,0,"Lake Havasu"
"109","454129",2004,4732538.01101219,177892.773935822,212107.476302309,11983.2315566539,0,0,"Lake Havasu"
"110","454129",2005,4345650.7413251,156215.639997737,190918.241733636,10379.0203150136,0,0,"Lake Havasu"
"111","454129",2006,4670101.48323268,156803.545214186,197656.774391304,9989.82787503893,0,0,"Lake Havasu"
"112","454129",2007,4846800.1189652,152966.887791914,214841.436343906,10197.2233736732,0,0,"Lake Havasu"
"113","454129",2008,4960889.10264519,147159.901273537,237488.671920593,10572.0902375011,0,0,"Lake Havasu"
"114","454129",2009,4754346.77906926,132351.489298866,222135.649362612,9279.26648946546,0,0,"Lake Havasu"
"115","454129",2010,4559727.40743886,119647.888118822,209183.42828988,8260.10969805506,0,0,"Lake Havasu"
"116","454129",2011,4784627.52794093,116465.755165338,227245.771925353,8311.3947893815,0,0,"Lake Havasu"
"117","454129",2012,4459315.44234905,101624.339814446,214411.699530892,7330.37043967494,0,0,"Lake Havasu"
"118","454129",2013,4108553.22579379,87430.8436648209,215057.167695053,6867.03647710029,0,0,"Lake Havasu"
"119","454129",2014,3837183.96964388,76191.1530957762,244321.042375071,7285.10994718514,0,0,"Lake Havasu"
"120","454129",2015,3470856.17438403,64107.9112252279,264245.918636329,7333.77819367405,0,0,"Lake Havasu"
"121","454184",2001,4023711.112969,171548.629960302,328411.702537736,17779.2166565926,0,1.4061440900548e-10,"Imperial Reservoir"
"122","454184",2002,4124778.85999328,163327.359026003,269877.447189751,15381.557556479,0,1.4061440900548e-10,"Imperial Reservoir"
"123","454184",2003,3951949.43451186,146161.440388034,228859.093906456,12463.5142895734,0,1.4061440900548e-10,"Imperial Reservoir"
"124","454184",2004,3948650.70611736,138241.827331741,210102.784650795,10803.2180198564,0,1.4061440900548e-10,"Imperial Reservoir"
"125","454184",2005,3559025.36820886,118020.265403546,192365.46658636,8598.55062492858,0,1.4061440900548e-10,"Imperial Reservoir"
"126","454184",2006,3989593.63359785,127955.346189905,193090.358811386,8308.37809604071,0,1.4061440900548e-10,"Imperial Reservoir"
"127","454184",2007,4081573.575936,126686.181094154,207543.29377968,7973.58694154677,0,1.4061440900548e-10,"Imperial Reservoir"
"128","454184",2008,3981071.68818668,119900.530291886,223232.238813431,7867.06829375263,0,1.4061440900548e-10,"Imperial Reservoir"
"129","454184",2009,3710786.26815129,108683.817706726,212107.1640247,6937.56573030407,0,1.4061440900548e-10,"Imperial Reservoir"
"130","454184",2010,3575315.21246237,104383.646883249,191588.688274286,7010.39590029962,0,1.4061440900548e-10,"Imperial Reservoir"
"131","454184",2011,3862180.83129888,112616.928256718,206403.929703253,8202.42498278605,0,1.4061440900548e-10,"Imperial Reservoir"
"132","454184",2012,3631264.76657963,104968.876247225,198818.912876952,8518.22087284713,0,1.4061440900548e-10,"Imperial Reservoir"
"133","454184",2013,3283445.94909072,94806.9743013886,193151.83880738,8184.03365107484,0,1.4061440900548e-10,"Imperial Reservoir"
"134","454184",2014,3232354.7636563,94731.6378427755,247368.356793911,9499.02551004908,0,1.4061440900548e-10,"Imperial Reservoir"
"135","454184",2015,2861103.36366946,84948.810224314,253255.463587237,9063.3794275728,0,1.4061440900548e-10,"Imperial Reservoir"
"136","456953",2001,6108.66503047629,684.37887264205,255.599677493611,54.8685358604534,0,0,"Lake Tahoe; Breach Pond"
"137","456953",2002,12429.4510821373,1629.73843504104,510.295104445919,107.776104940728,0,0,"Lake Tahoe; Breach Pond"
"138","456953",2003,16568.442769235,2602.86172921408,742.464097724431,159.184422522611,0,0,"Lake Tahoe; Breach Pond"
"139","456953",2004,11083.9907573796,1642.16525329785,439.053404176194,82.5086899931564,0,0,"Lake Tahoe; Breach Pond"
"140","456953",2005,22630.398478106,4333.39926655495,1104.71518605289,257.64309977701,0,0,"Lake Tahoe; Breach Pond"
"141","456953",2006,44199.4373454091,9749.84363382208,2775.89777837859,784.13877012656,0,0,"Lake Tahoe; Breach Pond"
"142","456953",2007,9382.65323840654,1545.0116787764,393.148969176071,86.6696627044222,0,0,"Lake Tahoe; Breach Pond"
"143","456953",2008,8646.36177251461,1492.23842891929,353.804315631785,81.8610420714217,0,0,"Lake Tahoe; Breach Pond"
"144","456953",2009,14491.2797855738,2748.75645307808,607.055907236718,148.352625894285,0,0,"Lake Tahoe; Breach Pond"
"145","456953",2010,15331.2157061682,3046.91526757688,696.965769042025,173.179617424392,0,0,"Lake Tahoe; Breach Pond"
"146","456953",2011,40551.5125448655,9043.28102799321,2181.53701795459,601.365538980824,0,0,"Lake Tahoe; Breach Pond"
"147","456953",2012,10659.3214228769,1841.73880474309,448.80082520716,101.278222072994,0,0,"Lake Tahoe; Breach Pond"
"148","456953",2013,11594.563807196,1954.05964976887,536.800134602739,127.218101114995,0,0,"Lake Tahoe; Breach Pond"
"149","456953",2014,7870.87862296356,1185.7840419168,341.832433712055,84.756819518102,0,0,"Lake Tahoe; Breach Pond"
"150","456953",2015,5432.81936358573,751.360725746392,266.694178570564,66.4982869526134,0,0,"Lake Tahoe; Breach Pond"
"151","456953",2001,1134.9661288318,84.9532008611994,94.4341239769493,8.3031209000814,0,0,"Lake Tahoe; Breach Pond"
"152","456953",2002,2173.62879326098,180.110025178487,147.785240059844,14.2341272142941,0,0,"Lake Tahoe; Breach Pond"
"153","456953",2003,2589.68887842706,267.850384306734,165.281120695374,19.8403656585597,0,0,"Lake Tahoe; Breach Pond"
"154","456953",2004,1707.11853725026,186.425242488217,89.9909123875654,11.5284145048255,0,0,"Lake Tahoe; Breach Pond"
"155","456953",2005,3062.67395394823,420.464966542103,195.119623136122,32.2114106757695,0,0,"Lake Tahoe; Breach Pond"
"156","456953",2006,5734.06774768887,898.465840486248,441.824572981681,92.2080150649806,0,0,"Lake Tahoe; Breach Pond"
"157","456953",2007,1192.93465452205,166.669897517367,68.4659745153535,11.1498413450306,0,0,"Lake Tahoe; Breach Pond"
"158","456953",2008,910.63032042877,133.772940136045,52.2840789204124,9.16299171403349,0,0,"Lake Tahoe; Breach Pond"
"159","456953",2009,1569.72992622787,228.975014279647,91.7859687976703,15.6985065464618,0,0,"Lake Tahoe; Breach Pond"
"160","456953",2010,2162.93998304464,310.488656666038,132.549346893576,22.4617683354023,0,0,"Lake Tahoe; Breach Pond"
"161","456953",2011,4728.17707159369,636.151256725545,315.15432665767,49.4275666722556,0,0,"Lake Tahoe; Breach Pond"
"162","456953",2012,1451.81649964827,177.433669342956,81.8014437880033,11.7153781385697,0,0,"Lake Tahoe; Breach Pond"
"163","456953",2013,2069.20733982832,234.170538908928,154.773110726717,20.9192485275467,0,0,"Lake Tahoe; Breach Pond"
"164","456953",2014,937.547145910934,88.7196442615823,65.6295311245219,7.38076098103405,0,0,"Lake Tahoe; Breach Pond"
"165","456953",2015,1027.82388152239,90.4518455661137,93.268341977518,9.5136549940499,0,0,"Lake Tahoe; Breach Pond"
"166","456953",2001,2487.55909104811,286.604719978112,253.934169516435,30.7998595940567,0,0,"Lake Tahoe; Breach Pond"
"167","456953",2002,5536.15924932851,788.758834820831,466.111196357361,69.5282012713814,0,0,"Lake Tahoe; Breach Pond"
"168","456953",2003,6600.72558452284,1203.28610919611,511.148396162571,97.9301678688132,0,0,"Lake Tahoe; Breach Pond"
"169","456953",2004,4247.93395023999,806.003811073974,279.824303679523,55.4387711876207,0,0,"Lake Tahoe; Breach Pond"
"170","456953",2005,8793.27097805311,2302.46968539486,702.412249553492,199.248637778176,0,0,"Lake Tahoe; Breach Pond"
"171","456953",2006,23763.4834051524,8967.71338955268,3246.32976037047,1571.52383548337,0,0,"Lake Tahoe; Breach Pond"
"172","456953",2007,2627.06162386096,596.40478603676,187.665137263454,44.1865666702081,0,0,"Lake Tahoe; Breach Pond"
"173","456953",2008,2917.34613967814,746.848552006762,206.319605085475,55.2354592406343,0,0,"Lake Tahoe; Breach Pond"
"174","456953",2009,5090.89098711705,1417.20705148519,385.876780261236,115.242319076273,0,0,"Lake Tahoe; Breach Pond"
"175","456953",2010,5688.1204314209,1557.11690686584,444.459810072415,129.605283220027,0,0,"Lake Tahoe; Breach Pond"
"176","456953",2011,15044.0003905936,3939.2153971782,1320.39786337385,367.526059979332,0,0,"Lake Tahoe; Breach Pond"
"177","456953",2012,3323.36587097766,690.314175292982,235.407212834342,51.726320446618,0,0,"Lake Tahoe; Breach Pond"
"178","456953",2013,4971.64194808923,1048.29073286282,548.970566065981,132.615288474052,0,0,"Lake Tahoe; Breach Pond"
"179","456953",2014,1811.82994036447,261.88451842465,161.037665229523,24.5143643230542,0,0,"Lake Tahoe; Breach Pond"
"180","456953",2015,2127.12299007089,282.111324934269,250.331308168189,35.0692507752817,0,0,"Lake Tahoe; Breach Pond"
"181","456953",2001,508.469663903931,101.764351773661,21.9034059259111,6.69909874297898,0,0,"Lake Tahoe; Breach Pond"
"182","456953",2002,976.376555627317,197.544959207797,47.9121956245321,11.5494923018867,0,0,"Lake Tahoe; Breach Pond"
"183","456953",2003,1192.10109325329,251.96731355122,65.7079428677037,16.5875622446986,0,0,"Lake Tahoe; Breach Pond"
"184","456953",2004,825.87049949147,163.212941405774,37.5190407348738,9.43547954440292,0,0,"Lake Tahoe; Breach Pond"
"185","456953",2005,2017.76696344239,442.299438697854,123.842251243485,32.6169314686686,0,0,"Lake Tahoe; Breach Pond"
"186","456953",2006,4168.31869267189,965.799274195526,292.425030413181,93.8054841419311,0,0,"Lake Tahoe; Breach Pond"
"187","456953",2007,584.038811197286,116.858146154608,24.3605930540224,8.21469071141827,0,0,"Lake Tahoe; Breach Pond"
"188","456953",2008,758.760267972899,154.380908573356,37.3159777591953,9.38610571962244,0,0,"Lake Tahoe; Breach Pond"
"189","456953",2009,794.094487613116,161.894562468607,40.395237750626,9.75613133222095,0,0,"Lake Tahoe; Breach Pond"
"190","456953",2010,1701.57909258957,381.898167432335,106.993666417204,30.0841274435119,0,0,"Lake Tahoe; Breach Pond"
"191","456953",2011,2813.47079668691,647.395830079546,178.606570383809,55.3929707295335,0,0,"Lake Tahoe; Breach Pond"
"192","456953",2012,913.087620722982,184.627388291015,44.8123330108957,11.7134478051278,0,0,"Lake Tahoe; Breach Pond"
"193","456953",2013,552.904730870329,110.567764088373,25.4161709965804,6.72171385762735,0,0,"Lake Tahoe; Breach Pond"
"194","456953",2014,275.477263897712,57.1975003523637,12.9391760628692,4.06034531479652,0,0,"Lake Tahoe; Breach Pond"
"195","456953",2015,320.859367021912,65.349235523172,14.4802519435965,4.6017145939477,0,0,"Lake Tahoe; Breach Pond"
"196","456953",2001,291.860076753383,291.860076753383,21.6831118689461,21.6831118689461,0,0,"Lake Tahoe; Breach Pond"
"197","456953",2002,525.525985569976,525.525985569976,30.237762555179,30.237762555179,0,0,"Lake Tahoe; Breach Pond"
"198","456953",2003,910.414330045344,910.414330045344,46.9307875932273,46.9307875932273,0,0,"Lake Tahoe; Breach Pond"
"199","456953",2004,693.738003235333,693.738003235333,32.4892013843403,32.4892013843403,0,0,"Lake Tahoe; Breach Pond"
"200","456953",2005,1444.56218829275,1444.56218829275,72.968611864278,72.968611864278,0,0,"Lake Tahoe; Breach Pond"
"201","456953",2006,3052.83899474053,3052.83899474053,190.501154015607,190.501154015607,0,0,"Lake Tahoe; Breach Pond"
"202","456953",2007,884.094894067685,884.094894067685,46.8566649063917,46.8566649063917,0,0,"Lake Tahoe; Breach Pond"
"203","456953",2008,668.284960273991,668.284960273991,35.9567460090213,35.9567460090213,0,0,"Lake Tahoe; Breach Pond"
"204","456953",2009,861.539352826351,861.539352826351,42.6543234286361,42.6543234286361,0,0,"Lake Tahoe; Breach Pond"
"205","456953",2010,1291.64079200435,1291.64079200435,61.9633074431525,61.9633074431525,0,0,"Lake Tahoe; Breach Pond"
"206","456953",2011,3796.49070484296,3796.49070484296,247.09300715944,247.09300715944,0,0,"Lake Tahoe; Breach Pond"
"207","456953",2012,1029.24086465891,1029.24086465891,60.6697237024326,60.6697237024326,0,0,"Lake Tahoe; Breach Pond"
"208","456953",2013,751.550855586345,751.550855586345,53.7930381772357,53.7930381772357,0,0,"Lake Tahoe; Breach Pond"
"209","456953",2014,536.258931592773,536.258931592773,49.2243877393224,49.2243877393224,0,0,"Lake Tahoe; Breach Pond"
"210","456953",2015,345.830017903808,345.830017903808,40.8316050164316,40.8316050164316,0,0,"Lake Tahoe; Breach Pond"
"211","457191",2001,533.878903712058,12.0567996651144,30.0746498757934,4.98500784830751,0,0,"Stampede Reservoir"
"212","457191",2002,905.367347589073,18.0310955991031,60.1445849178577,6.45005955736982,0,0,"Stampede Reservoir"
"213","457191",2003,1222.09162592268,24.4026515257191,91.1354712851933,7.5680176125278,0,0,"Stampede Reservoir"
"214","457191",2004,850.60869218974,20.4825700523518,55.5824865461246,5.90744524720651,0,0,"Stampede Reservoir"
"215","457191",2005,1492.91393489504,32.2737007127273,156.481348884323,7.51102535098967,0,0,"Stampede Reservoir"
"216","457191",2006,2815.45697944624,63.6047982112013,371.529807953859,12.2258346893358,0,0,"Stampede Reservoir"
"217","457191",2007,656.024448810952,23.3236632595002,38.5866101073934,4.5936635070643,0,0,"Stampede Reservoir"
"218","457191",2008,669.929473232327,24.1494394592682,41.9605629900334,3.97615374139958,0,0,"Stampede Reservoir"
"219","457191",2009,867.384675421012,30.6159680882041,64.0465626021524,3.97054035923336,0,0,"Stampede Reservoir"
"220","457191",2010,1087.68745137009,38.2507683393819,82.9649649122188,3.72820659199547,0,0,"Stampede Reservoir"
"221","457191",2011,2861.55718972519,91.6242211247749,355.121762024592,7.8232770129159,0,0,"Stampede Reservoir"
"222","457191",2012,891.153524376325,42.0669285574669,61.1430176735334,2.66781441069588,0,0,"Stampede Reservoir"
"223","457191",2013,705.859048024985,40.3574601221231,46.424826882174,2.5139571820082,0,0,"Stampede Reservoir"
"224","457191",2014,361.698888186721,27.2004958634453,22.274650549273,1.50879312224523,0,0,"Stampede Reservoir"
"225","457191",2015,350.291923745206,29.3878017743253,21.0780204304097,2.08392850941245,0,0,"Stampede Reservoir"
"226","459730",2001,246691.215626277,23556.0783036463,28888.8480364721,4700.66541258664,8.68444760548925e-10,0,NA
"227","459730",2002,291633.539740442,32731.6087980147,36761.1139399615,5136.16522105823,8.68444760548925e-10,0,NA
"228","459730",2003,420102.95662318,71134.7509160857,59303.8564023444,11821.6955700468,8.68444760548925e-10,0,NA
"229","459730",2004,224500.565588708,30300.0803483816,25335.5918675014,4993.98119851424,8.68444760548925e-10,0,NA
"230","459730",2005,379165.707130054,59701.1649478239,53349.2146232135,8619.36271006679,8.68444760548925e-10,0,NA
"231","459730",2006,341104.476186295,61100.3552629177,42935.4213691904,9061.4172409385,8.68444760548925e-10,0,NA
"232","459730",2007,399645.113223949,66911.4883095592,54098.0052472182,8342.60892783259,8.68444760548925e-10,0,NA
"233","459730",2008,563158.823390318,84654.089758203,88430.8837869986,10084.0609962523,8.68444760548925e-10,0,NA
"234","459730",2009,710341.554768045,113303.589375224,112248.215817408,17889.1525281612,8.68444760548925e-10,0,NA
"235","459730",2010,435857.449354394,45024.1144586309,60793.5989346606,10331.1471404727,8.68444760548925e-10,0,NA
"236","459730",2011,1208988.74849707,120419.816291721,254321.397011777,39603.8440638516,8.68444760548925e-10,0,NA
"237","459730",2012,515232.907020871,44661.0132737427,68960.5487833534,20202.7061246792,8.68444760548925e-10,0,NA
"238","459730",2013,249861.23137828,11936.8217476146,27975.3087390887,8294.79324705226,8.68444760548925e-10,0,NA
"239","459730",2014,562773.421518729,21600.9905585514,82653.4146022927,22644.6385416345,8.68444760548925e-10,0,NA
"240","459730",2015,340425.455326355,8919.64749165874,37469.1475992547,13895.8272584821,8.68444760548925e-10,0,NA
"241","468740",2001,971283.753976179,60914.5816909684,34637.8453029686,2553.77687204965,0,0,"Lake Oswego"
"242","468740",2002,3113930.58758805,256229.751172707,109013.278289663,11701.7143540517,0,0,"Lake Oswego"
"243","468740",2003,2812490.19531681,211361.702810204,81015.5330165833,8754.92413797975,0,0,"Lake Oswego"
"244","468740",2004,2449020.17568216,168509.755691911,60373.4092317527,6084.64764910636,0,0,"Lake Oswego"
"245","468740",2005,1855018.22067597,101797.31955901,48949.0253850225,3941.34215558254,0,0,"Lake Oswego"
"246","468740",2006,4276415.31420485,278556.630053718,165282.969695234,17045.7643858249,0,0,"Lake Oswego"
"247","468740",2007,3698934.75383745,228342.945507287,108808.249632546,10132.7486131011,0,0,"Lake Oswego"
"248","468740",2008,3734705.1694144,228522.280512913,106692.811144712,9880.00539997341,0,0,"Lake Oswego"
"249","468740",2009,2586372.44824997,144169.716418703,73334.2326268186,6192.99677852732,0,0,"Lake Oswego"
"250","468740",2010,3741105.09567963,222201.552774498,98930.6961747523,8846.38960163302,0,0,"Lake Oswego"
"251","468740",2011,4697052.50386462,292130.245332019,144437.029698192,13724.3675254201,0,0,"Lake Oswego"
"252","468740",2012,3770514.31668756,235500.483214505,125502.751116054,11112.9943943707,0,0,"Lake Oswego"
"253","468740",2013,3195410.56079687,195528.961668224,116793.545868227,9218.32111747342,0,0,"Lake Oswego"
"254","468740",2014,2672072.8271966,170559.652425836,114171.009610889,7591.08224654074,0,0,"Lake Oswego"
"255","468740",2015,2509034.40907315,175639.633643148,123925.250490358,7122.61411493824,0,0,"Lake Oswego"
"256","479277",2001,370733.125120727,56.4904068569742,140301.835194547,22586.1004079835,1.3782996965972e-10,9.02022900817201e-12,"McClure Lake"
"257","479277",2002,347417.427542388,569.941101074038,114143.031198605,16939.4387911846,1.3782996965972e-10,9.02022900817201e-12,"McClure Lake"
"258","479277",2003,313862.59479192,3023.99933443218,88700.4901477747,16128.4655468744,1.3782996965972e-10,9.02022900817201e-12,"McClure Lake"
"259","479277",2004,329848.665892165,11105.70536134,79441.2251560888,19294.7070050244,1.3782996965972e-10,9.02022900817201e-12,"McClure Lake"
"260","479277",2005,398691.211119557,37185.7995353566,83188.9708504863,24901.8427517497,1.3782996965972e-10,9.02022900817201e-12,"McClure Lake"
"261","479277",2006,497657.744254165,83896.1717905892,88733.7374123479,38619.0475139128,1.3782996965972e-10,9.02022900817201e-12,"McClure Lake"
"262","479277",2007,284070.733557428,58826.8681846026,37107.0466505353,15437.4819294111,1.3782996965972e-10,9.02022900817201e-12,"McClure Lake"
"263","479277",2008,231728.675133409,53262.699654247,24742.9517973822,12537.0312901855,1.3782996965972e-10,9.02022900817201e-12,"McClure Lake"
"264","479277",2009,220006.408518725,48811.9269565129,21854.2453898962,10557.6914803722,1.3782996965972e-10,9.02022900817201e-12,"McClure Lake"
"265","479277",2010,227989.41307624,42376.6725668406,25533.1847129768,9184.85402631394,1.3782996965972e-10,9.02022900817201e-12,"McClure Lake"
"266","479277",2011,390862.928345525,66506.7166701318,60839.3138020948,24742.8749096969,1.3782996965972e-10,9.02022900817201e-12,"McClure Lake"
"267","479277",2012,197515.556856022,15486.5142235221,30968.3633197662,6492.82998021439,1.3782996965972e-10,9.02022900817201e-12,"McClure Lake"
"268","479277",2013,161304.843295552,5440.65793706937,30682.6125172517,4690.24448783737,1.3782996965972e-10,9.02022900817201e-12,"McClure Lake"
"269","479277",2014,115258.688301646,1061.37179685087,26801.9522379827,2280.84574256788,1.3782996965972e-10,9.02022900817201e-12,"McClure Lake"
"270","479277",2015,68245.836504942,123.189522699287,19385.3888230926,782.190742386039,1.3782996965972e-10,9.02022900817201e-12,"McClure Lake"
"271","360319",2001,27049.5459595452,1266.17740756069,2762.31960849577,280.674708442093,0,9.71445146547012e-13,"Evergreen Lake"
"272","360319",2002,14011.4539307132,531.643707395125,1834.56420795299,120.91894741691,0,9.71445146547012e-13,"Evergreen Lake"
"273","360319",2003,30899.3386349622,1276.71371448789,3163.90113227094,220.684441775396,0,9.71445146547012e-13,"Evergreen Lake"
"274","360319",2004,27542.2854006258,1146.71483561277,1950.41690894439,158.029206983317,0,9.71445146547012e-13,"Evergreen Lake"
"275","360319",2005,30766.5084733387,1200.56344789241,2094.65426095804,147.390175850478,0,9.71445146547012e-13,"Evergreen Lake"
"276","360319",2006,16111.196804579,582.682867597725,1005.78985931467,59.1311428095715,0,9.71445146547012e-13,"Evergreen Lake"
"277","360319",2007,39968.3336942593,1335.56973512123,4228.57074920253,203.870740110371,0,9.71445146547012e-13,"Evergreen Lake"
"278","360319",2008,18110.5726059679,614.746717416504,1068.55959472111,60.8129673260563,0,9.71445146547012e-13,"Evergreen Lake"
"279","360319",2009,16497.2513844744,529.415621115317,1072.24206867727,64.5102006123462,0,9.71445146547012e-13,"Evergreen Lake"
"280","360319",2010,16641.9368490908,510.635809757869,1264.13552251873,77.4813749210919,0,9.71445146547012e-13,"Evergreen Lake"
"281","360319",2011,12192.6465841521,350.909790358953,946.899758464321,56.6245951387981,0,9.71445146547012e-13,"Evergreen Lake"
"282","360319",2012,9965.91601895655,258.420530099083,888.709415908762,45.4515696613047,0,9.71445146547012e-13,"Evergreen Lake"
"283","360319",2013,26702.5776011317,515.550909812746,11521.9551436792,184.918948559954,0,9.71445146547012e-13,"Evergreen Lake"
"284","360319",2014,20893.8043287896,523.376335962893,2842.5508705338,154.368673995229,0,9.71445146547012e-13,"Evergreen Lake"
"285","360319",2015,35645.2463270463,691.521069478753,8364.31252237118,287.139233041337,0,9.71445146547012e-13,"Evergreen Lake"
"286","361058",2001,34208.7182452191,773.866992509713,6841.31050113065,65.5460777594501,0,0,"Chatfield Lake"
"287","361058",2002,15485.0349162997,283.148163311049,2762.10005859747,19.1275767808713,0,0,"Chatfield Lake"
"288","361058",2003,70208.9406005329,959.165066967989,9401.83505275352,99.5563102196058,0,0,"Chatfield Lake"
"289","361058",2004,29583.4956075738,442.222250582071,3379.41413449229,31.5512721139084,0,0,"Chatfield Lake"
"290","361058",2005,46301.1960006203,642.801405112335,4114.53715118959,53.9042643823049,0,0,"Chatfield Lake"
"291","361058",2006,51844.9819270467,741.14009877228,4919.86474758189,63.3796122343878,0,0,"Chatfield Lake"
"292","361058",2007,63042.2170903052,964.233030597753,6301.04196251654,88.878843350217,0,0,"Chatfield Lake"
"293","361058",2008,45093.9733155067,838.663742835195,3946.82000103455,74.2636493870469,0,0,"Chatfield Lake"
"294","361058",2009,42042.8209058358,936.276248679003,3860.1843256166,87.80069229628,0,0,"Chatfield Lake"
"295","361058",2010,24064.1864915138,733.800339651847,2487.72087322757,64.6833629449842,0,0,"Chatfield Lake"
"296","361058",2011,36468.053684623,1388.95056490161,5750.90443777212,156.56744520018,0,0,"Chatfield Lake"
"297","361058",2012,7081.73525921329,471.843870593841,1477.32517756459,31.7968314400812,0,0,"Chatfield Lake"
"298","361058",2013,7289.99120188847,789.721728060972,2104.66217563795,70.9037081482223,0,0,"Chatfield Lake"
"299","361058",2014,7413.74883455003,1274.44489410642,2919.6338649987,130.843075611239,0,0,"Chatfield Lake"
"300","361058",2015,3250.13628994761,1044.21717000557,1783.31248458668,108.326551943931,0,0,"Chatfield Lake"
"301","463477",2001,1887998.48314362,193812.945980138,97094.7384468954,15653.4363971489,0,0,"Lake Walcott"
"302","463477",2002,1681660.96328765,180780.504205555,87373.9059778583,14508.9402247088,0,0,"Lake Walcott"
"303","463477",2003,1701644.91077528,179772.003854934,88351.9383527695,14461.6783984991,0,0,"Lake Walcott"
"304","463477",2004,1592676.72056592,161209.494835242,87809.593345532,13956.5959545571,0,0,"Lake Walcott"
"305","463477",2005,1539060.08286003,170037.26704738,82114.2123830237,13785.9340267201,0,0,"Lake Walcott"
"306","463477",2006,2604192.7707267,240712.410290486,143230.677590911,20083.8877250916,0,0,"Lake Walcott"
"307","463477",2007,2230040.42651312,215379.995511549,114561.733638551,17118.9265679077,0,0,"Lake Walcott"
"308","463477",2008,1849947.67771018,199398.718094467,91601.0349844417,15217.1118950981,0,0,"Lake Walcott"
"309","463477",2009,2692294.93943573,262553.848540888,142154.083087172,21443.010435161,0,0,"Lake Walcott"
"310","463477",2010,2363991.15442014,229135.27018674,120638.864661404,18067.2536268801,0,0,"Lake Walcott"
"311","463477",2011,4164974.53118001,382911.156046119,256886.215317886,36184.0092692998,0,0,"Lake Walcott"
"312","463477",2012,3846906.33612171,347372.703569711,226770.148048962,31673.9595074974,0,0,"Lake Walcott"
"313","463477",2013,1871925.33066384,193083.262367335,93225.2274067504,15103.5546548825,0,0,"Lake Walcott"
"314","463477",2014,1905787.8410634,196765.350481793,94007.9947959447,15183.4433852791,0,0,"Lake Walcott"
"315","463477",2015,2224130.91235839,215841.082426998,109233.242544749,16632.5744440186,0,0,"Lake Walcott"
"316","464344",2001,31823.1043755222,3131.70285256618,1591.08133529377,214.785592639161,0,0,"Lake Cascade"
"317","464344",2002,56838.6025270977,5595.80869492149,2992.50333046459,404.868068057371,0,0,"Lake Cascade"
"318","464344",2003,64429.7394247588,6348.89116687314,3578.4006597458,485.166989281002,0,0,"Lake Cascade"
"319","464344",2004,55345.6799698786,5444.65422256938,2846.65125859792,384.206783280883,0,0,"Lake Cascade"
"320","464344",2005,48850.7982753469,4806.31638676378,2497.41018800537,337.320575583471,0,0,"Lake Cascade"
"321","464344",2006,77658.5284874618,7660.1575388521,4484.64667565416,608.237393499053,0,0,"Lake Cascade"
"322","464344",2007,50544.3078135666,4976.61322650798,2624.37156148848,354.704694040232,0,0,"Lake Cascade"
"323","464344",2008,65754.487556593,6496.42346782638,3692.96257820347,502.249877130798,0,0,"Lake Cascade"
"324","464344",2009,58041.9474076408,5720.93214772979,3194.28334832365,432.937298360225,0,0,"Lake Cascade"
"325","464344",2010,54026.0844325852,5326.19720072763,2977.65140534825,403.883628851213,0,0,"Lake Cascade"
"326","464344",2011,75277.7155082846,7441.49337504855,4282.87111312935,583.705184784777,0,0,"Lake Cascade"
"327","464344",2012,66368.4899385699,6530.0616975908,3590.59830336083,485.042075758607,0,0,"Lake Cascade"
"328","464344",2013,55816.1545751494,5508.35620125263,2968.9280204327,403.020480339475,0,0,"Lake Cascade"
"329","464344",2014,61049.4207325371,6014.46727359028,3206.25886106946,434.24835188797,0,0,"Lake Cascade"
"330","464344",2015,44994.1703839136,4427.97988876856,2315.54681072715,312.329706236669,0,0,"Lake Cascade"
"331","367583",2001,16275.3145926823,2407.43452212586,15461.7797862834,605.505080329122,0,0,"Keith Sebelius Lake"
"332","367583",2002,3190.78267546437,644.890814870117,440.430028805837,103.173693336591,0,0,"Keith Sebelius Lake"
"333","367583",2003,1331.10900556118,370.650005393037,153.730734579461,56.0023237118001,0,0,"Keith Sebelius Lake"
"334","367583",2004,483.016930106229,159.064685782443,61.840632756149,27.5177584300816,0,0,"Keith Sebelius Lake"
"335","367583",2005,2660.40234114331,580.135363457551,3459.66404978219,160.676483314258,0,0,"Keith Sebelius Lake"
"336","367583",2006,1840.22211367085,544.994589557914,283.433814156004,89.7067205378406,0,0,"Keith Sebelius Lake"
"337","367583",2007,5242.04573251376,1130.60363483681,3668.79134579085,211.94852018785,0,0,"Keith Sebelius Lake"
"338","367583",2008,12142.6606559615,2530.19895964893,123647.267203752,854.305407470944,0,0,"Keith Sebelius Lake"
"339","367583",2009,5294.41793984387,1271.89783468118,1279.60802909959,234.763167862611,0,0,"Keith Sebelius Lake"
"340","367583",2010,21666.8253104606,4030.29158225016,96008.6060104795,1236.31119741753,0,0,"Keith Sebelius Lake"
"341","367583",2011,10666.4039097835,1962.15762061078,5157.89172059704,425.895168232166,0,0,"Keith Sebelius Lake"
"342","367583",2012,7974.07423398692,1196.78228295486,3299.15603120993,266.308317897889,0,0,"Keith Sebelius Lake"
"343","367583",2013,2350.5317559452,444.286954868468,421.177196481268,66.7010022759334,0,0,"Keith Sebelius Lake"
"344","367583",2014,1345.31251452222,248.659933755072,375.565361987925,42.6367358083255,0,0,"Keith Sebelius Lake"
"345","367583",2015,4291.52914243546,510.197291142593,2562.48992707617,116.913009218277,0,0,"Keith Sebelius Lake"
"346","455356",2001,312907.102059676,54007.0980393384,52298.5736890353,9917.09927370291,2.11797246407741e-12,0,"Great Salt Lake; Gunnison Bay"
"347","455356",2002,316962.994227862,53135.4917060434,52649.358853305,9152.94951117446,2.11797246407741e-12,0,"Great Salt Lake; Gunnison Bay"
"348","455356",2003,276511.741331529,46397.8387473861,47896.6455807323,7761.57915532721,2.11797246407741e-12,0,"Great Salt Lake; Gunnison Bay"
"349","455356",2004,286647.694808367,46456.0899085584,50041.2015031054,7515.54557686107,2.11797246407741e-12,0,"Great Salt Lake; Gunnison Bay"
"350","455356",2005,597010.916866873,86503.298863521,119139.011915475,16658.3177904836,2.11797246407741e-12,0,"Great Salt Lake; Gunnison Bay"
"351","455356",2006,969919.688967918,131911.811367604,197834.671181375,25727.8660940573,2.11797246407741e-12,0,"Great Salt Lake; Gunnison Bay"
"352","455356",2007,538042.184112358,73509.1547381526,91763.4762380223,10895.6422087637,2.11797246407741e-12,0,"Great Salt Lake; Gunnison Bay"
"353","455356",2008,478562.064915046,64283.2061490488,85440.4206391872,9933.54129886701,2.11797246407741e-12,0,"Great Salt Lake; Gunnison Bay"
"354","455356",2009,523695.998508501,68180.4378192384,95148.7130910351,11022.6365859586,2.11797246407741e-12,0,"Great Salt Lake; Gunnison Bay"
"355","455356",2010,463021.071752256,59194.064008348,80176.1461277197,9133.62669385793,2.11797246407741e-12,0,"Great Salt Lake; Gunnison Bay"
"356","455356",2011,1506700.36706524,177297.778928065,374455.292084377,44282.9420992348,2.11797246407741e-12,0,"Great Salt Lake; Gunnison Bay"
"357","455356",2012,668300.861338078,78018.7159876239,118670.452760274,12902.5832673307,2.11797246407741e-12,0,"Great Salt Lake; Gunnison Bay"
"358","455356",2013,331455.843030828,40579.3093217991,55224.8284217689,6807.34328849699,2.11797246407741e-12,0,"Great Salt Lake; Gunnison Bay"
"359","455356",2014,287315.959929347,35120.6032360135,50223.9103619046,6559.06357812282,2.11797246407741e-12,0,"Great Salt Lake; Gunnison Bay"
"360","455356",2015,290125.589709873,34395.7234803651,52751.8680437033,7053.92074634675,2.11797246407741e-12,0,"Great Salt Lake; Gunnison Bay"
"361","457120",2001,180724.329024421,53262.5363823801,27397.2685050607,3166.95840903097,0,0,"Lahontan Reservoir"
"362","457120",2002,170058.332581274,52427.3408287425,21222.1626772528,3101.15949368536,0,0,"Lahontan Reservoir"
"363","457120",2003,162473.674376453,52798.3167089694,17753.862515089,3128.49560837127,0,0,"Lahontan Reservoir"
"364","457120",2004,173151.755209932,54776.7618306877,21987.6406017525,3269.80782448078,0,0,"Lahontan Reservoir"
"365","457120",2005,152267.449414636,51039.2912853522,17570.7801976796,3063.48134025471,0,0,"Lahontan Reservoir"
"366","457120",2006,376260.336287935,87997.7308457663,85858.1168824142,5845.3956660957,0,0,"Lahontan Reservoir"
"367","457120",2007,179242.27303823,56494.3481727906,23458.5499743253,3355.52532241436,0,0,"Lahontan Reservoir"
"368","457120",2008,145536.292940097,46632.5811239242,18399.7426073116,2749.15986830536,0,0,"Lahontan Reservoir"
"369","457120",2009,161815.527911571,49372.1568152498,19255.7308254869,2927.43435869073,0,0,"Lahontan Reservoir"
"370","457120",2010,190533.206856141,52577.7142179803,22567.0185934434,3150.05324792533,0,0,"Lahontan Reservoir"
"371","457120",2011,308514.091855439,66755.3963218435,52623.2249670971,4225.72373378589,0,0,"Lahontan Reservoir"
"372","457120",2012,223985.377159663,52193.9935807531,34486.4353629929,3082.73198585405,0,0,"Lahontan Reservoir"
"373","457120",2013,216748.800936855,46877.2654583625,40926.1823602549,2749.45772962558,0,0,"Lahontan Reservoir"
"374","457120",2014,141200.041146673,28100.2154417326,35080.5724320936,1651.30538388836,0,0,"Lahontan Reservoir"
"375","457120",2015,73215.1369471736,14130.714086209,21967.702251148,817.795283602861,0,0,"Lahontan Reservoir"
"376","449543",2001,37544.0870005403,1063.34935931919,4442.21241427735,162.344674220615,0,0,"Dillon Reservoir"
"377","449543",2002,22013.0806873714,253.073637798011,2172.80351399378,36.921227792192,0,0,"Dillon Reservoir"
"378","449543",2003,50688.9671779302,972.114880887493,7427.21856892561,175.408749992291,0,0,"Dillon Reservoir"
"379","449543",2004,32989.1827626957,266.756615223497,3139.08115892316,36.6862208549113,0,0,"Dillon Reservoir"
"380","449543",2005,47178.7502895564,460.253280532059,5051.40981996098,61.3270986080182,0,0,"Dillon Reservoir"
"381","449543",2006,67603.3520305233,826.297165780048,8723.66371426108,129.252852088483,0,0,"Dillon Reservoir"
"382","449543",2007,74492.6742989378,1077.27334740974,10950.1668854593,191.009704389802,0,0,"Dillon Reservoir"
"383","449543",2008,61067.1359744043,857.293281650064,7347.28290686834,123.527120104447,0,0,"Dillon Reservoir"
"384","449543",2009,62393.1508374083,1077.24727918037,7817.53836020945,170.882572941254,0,0,"Dillon Reservoir"
"385","449543",2010,49553.0690139819,1008.17404018309,7434.10142079481,202.162240346271,0,0,"Dillon Reservoir"
"386","449543",2011,66407.5000579153,2956.18980565634,17494.9669470098,1121.38400469868,0,0,"Dillon Reservoir"
"387","449543",2012,29656.3655300438,712.133358423443,7238.8466084203,239.009976646959,0,0,"Dillon Reservoir"
"388","449543",2013,30870.8551757083,1948.24939281997,10384.6972685147,915.412929472003,0,0,"Dillon Reservoir"
"389","449543",2014,36687.5835674316,5422.62357607528,16970.8185991713,3900.65884908516,0,0,"Dillon Reservoir"
"390","449543",2015,26110.768324959,6289.11458685031,15618.9576102325,5994.45644555506,0,0,"Dillon Reservoir"
"391","456953",2001,670.280216784695,95.3655494362656,42.0101682700637,6.84215444688188,0,0,"Lake Tahoe; Breach Pond"
"392","456953",2002,1094.61358910166,162.523283004845,62.076012332979,9.97189721762571,0,0,"Lake Tahoe; Breach Pond"
"393","456953",2003,1108.0338352306,175.025175647623,55.266493698467,10.3065289021809,0,0,"Lake Tahoe; Breach Pond"
"394","456953",2004,1194.04808515429,191.912155594002,55.5597660256216,10.3659150432644,0,0,"Lake Tahoe; Breach Pond"
"395","456953",2005,2100.06714979812,372.940310046706,116.666255423957,21.4370960243534,0,0,"Lake Tahoe; Breach Pond"
"396","456953",2006,4356.92165385047,828.137717716302,308.029056396321,57.4650108742859,0,0,"Lake Tahoe; Breach Pond"
"397","456953",2007,864.811738701356,159.226682639211,35.7051765278175,9.24729674239612,0,0,"Lake Tahoe; Breach Pond"
"398","456953",2008,806.266523020823,150.33758936766,39.0261728765594,7.90851044607811,0,0,"Lake Tahoe; Breach Pond"
"399","456953",2009,765.347735953579,148.876263893011,40.683841891447,8.24616054193637,0,0,"Lake Tahoe; Breach Pond"
"400","456953",2010,1151.91570439025,243.491065850756,69.5452781307841,13.7342246668032,0,0,"Lake Tahoe; Breach Pond"
"401","456953",2011,3626.6643996625,858.648338629297,299.586716564675,61.5479782900232,0,0,"Lake Tahoe; Breach Pond"
"402","456953",2012,927.907097347393,208.951526411157,64.0654588930372,14.5450934779999,0,0,"Lake Tahoe; Breach Pond"
"403","456953",2013,625.592955736212,142.622876470416,48.8711031440997,11.0731728109761,0,0,"Lake Tahoe; Breach Pond"
"404","456953",2014,393.9868737013,91.3698549551846,35.3189179842632,8.01544283405708,0,0,"Lake Tahoe; Breach Pond"
"405","456953",2015,286.272725535145,68.1479090612454,28.8914336615937,6.73033134223525,0,0,"Lake Tahoe; Breach Pond"
"406","367842",2001,67074.0296000168,1912.00760913592,13756.7577678835,166.917779502273,0,0,"Swanson Lake"
"407","367842",2002,35124.0614190997,1430.45233798797,5958.63177763011,178.263517652808,0,0,"Swanson Lake"
"408","367842",2003,25840.941693499,1221.66006833012,2916.33643991141,100.991109983218,0,0,"Swanson Lake"
"409","367842",2004,14984.6476882329,911.284820946432,1235.22571106925,82.5520242325531,0,0,"Swanson Lake"
"410","367842",2005,15481.7336883123,1137.84641088083,1071.91916571919,98.8491144506956,0,0,"Swanson Lake"
"411","367842",2006,15286.0370951254,888.168723778153,1013.67768072389,75.675175576567,0,0,"Swanson Lake"
"412","367842",2007,20031.2729855885,1659.19827428063,1445.17704868659,144.235284814966,0,0,"Swanson Lake"
"413","367842",2008,14137.2768989445,1221.60766681401,919.631393266511,100.452252050931,0,0,"Swanson Lake"
"414","367842",2009,32294.7015071607,3025.76399229305,2340.31092083145,303.701313671166,0,0,"Swanson Lake"
"415","367842",2010,46068.7067694141,3939.64522394781,3648.76752992514,418.136852686204,0,0,"Swanson Lake"
"416","367842",2011,35374.1972090358,2889.86532953192,2453.48862005299,287.603706317737,0,0,"Swanson Lake"
"417","367842",2012,35300.1140793361,1799.85249965857,NA,154.744748887714,0,0,"Swanson Lake"
"418","367842",2013,24723.4507125767,1591.60939897314,NA,137.729830320996,0,0,"Swanson Lake"
"419","367842",2014,63473.3544041816,3001.3410852128,7187.80457599109,299.362276022814,0,0,"Swanson Lake"
"420","367842",2015,108259.239319462,4523.98569831825,18320.1066129729,559.921782838931,0,0,"Swanson Lake"
"421","361261",2003,1296.4758648901,22.9367898413335,56.0487967872406,3.34985399995648,0,4.19486001490554e-10,"Oliver Reservoir"
"422","361261",2004,803.172590008867,14.0988398475537,30.9758965839067,1.67582467807887,0,4.19486001490554e-10,"Oliver Reservoir"
"423","361261",2005,415.681865677458,8.4116692731334,17.1081399589568,1.01772355931787,0,4.19486001490554e-10,"Oliver Reservoir"
"424","361261",2006,129.755542851953,2.69254909801334,6.76533032793293,0.48686588424304,0,4.19486001490554e-10,"Oliver Reservoir"
"425","361261",2007,0.623392906799541,0.0164325175102548,0.104330641698719,0.0164741390316645,0,4.19486001490554e-10,"Oliver Reservoir"
"426","361261",2008,2.9695401780458,0.0846038779436792,0.36380622875575,0.0521562177568458,0,4.19486001490554e-10,"Oliver Reservoir"
"427","361261",2009,278.434915029761,6.14853554420838,14.1741194143957,0.771531171700301,0,4.19486001490554e-10,"Oliver Reservoir"
"428","361261",2010,1335.93900700663,23.8875169555817,57.8963553282201,2.88766501982177,0,4.19486001490554e-10,"Oliver Reservoir"
"429","361261",2011,671.512498931039,13.4905092416609,33.1492455565416,1.56430480034663,0,4.19486001490554e-10,"Oliver Reservoir"
"430","361261",2012,6288978511.41908,5874209.06436971,3023892630.49158,187836202.337184,0,4.19486001490554e-10,"Oliver Reservoir"
"431","361261",2013,10888481418965.3,1198726770.75112,7581466353220.14,NA,0,4.19486001490554e-10,"Oliver Reservoir"
"432","361261",2014,11434378388.8699,7457476.46432454,5784377744.12126,357133803.493094,0,4.19486001490554e-10,"Oliver Reservoir"
"433","467587",2001,6635.29604303015,597.075189746439,426.295186597743,31.001144849645,0,0,"Bull Run Reservoir No. 2"
"434","467587",2002,12622.3884299888,1057.79553453823,777.461231568824,53.1064728893427,0,0,"Bull Run Reservoir No. 2"
"435","467587",2003,8136.66724215635,776.24355784544,512.62218575455,40.8819737442661,0,0,"Bull Run Reservoir No. 2"
"436","467587",2004,10855.685930254,934.363435008532,715.744719598599,51.9302160004721,0,0,"Bull Run Reservoir No. 2"
"437","467587",2005,7668.58015461308,657.519696972477,433.875253255117,30.4043033836797,0,0,"Bull Run Reservoir No. 2"
"438","467587",2006,13090.1637530985,1076.67000071461,826.444339893805,55.277179412999,0,0,"Bull Run Reservoir No. 2"
"439","467587",2007,17508.5901693475,1470.65079917201,1628.96438911645,113.727555201922,0,0,"Bull Run Reservoir No. 2"
"440","467587",2008,17453.0588719337,1495.64027668305,1278.14033646111,87.9158608032051,0,0,"Bull Run Reservoir No. 2"
"441","467587",2009,17604.7248157466,1534.3762677278,1704.74711131914,119.443232184916,0,0,"Bull Run Reservoir No. 2"
"442","467587",2010,13004.8293265591,1105.12196781671,1091.16427737708,74.7632746861586,0,0,"Bull Run Reservoir No. 2"
"443","467587",2011,23853.4523119616,2110.82717672796,2655.54021285683,196.337093735275,0,0,"Bull Run Reservoir No. 2"
"444","467587",2012,19572.0987176554,1734.85317440277,2144.90097749448,153.077317195779,0,0,"Bull Run Reservoir No. 2"
"445","467587",2013,18133.7922483475,1452.09862307841,1985.06643674582,126.863340558063,0,0,"Bull Run Reservoir No. 2"
"446","467587",2014,18506.1130874495,1590.40603696848,2308.93168960708,158.617157452384,0,0,"Bull Run Reservoir No. 2"
"447","467587",2015,10566.4267022119,830.033599011491,1356.58982801977,85.6917977887868,0,0,"Bull Run Reservoir No. 2"
"448","467780",2001,2627.96318751554,161.399091837583,232.32932601585,14.2117537925234,0,0,"Bull Run Reservoir Number One"
"449","467780",2002,5510.6136242637,345.458706593672,426.758523697337,27.2066379938814,0,0,"Bull Run Reservoir Number One"
"450","467780",2003,4188.74488260232,288.667320847782,317.372306094386,22.8524496163211,0,0,"Bull Run Reservoir Number One"
"451","467780",2004,5520.65748854204,355.427129418339,428.557607496493,29.4682151022142,0,0,"Bull Run Reservoir Number One"
"452","467780",2005,4105.56354966365,263.261113735545,314.720853972691,20.7372593992174,0,0,"Bull Run Reservoir Number One"
"453","467780",2006,6169.00802842245,436.162746367758,528.135976967499,38.3475690528916,0,0,"Bull Run Reservoir Number One"
"454","467780",2007,6436.34496730678,499.443296724307,630.218574747776,51.5114239161035,0,0,"Bull Run Reservoir Number One"
"455","467780",2008,6738.89424218729,577.893948224358,633.175193220563,54.8851835194835,0,0,"Bull Run Reservoir Number One"
"456","467780",2009,5894.77418334535,562.181280787769,634.586729594386,60.7975290406994,0,0,"Bull Run Reservoir Number One"
"457","467780",2010,4854.8103295191,472.974703844043,522.304858599459,50.7483096452629,0,0,"Bull Run Reservoir Number One"
"458","467780",2011,5338.65381514454,615.941186738055,709.112589205602,82.6883160334624,0,0,"Bull Run Reservoir Number One"
"459","467780",2012,4122.34727826048,544.521918320966,642.295761214407,82.4753550735435,0,0,"Bull Run Reservoir Number One"
"460","467780",2013,3474.68418035797,472.762092275597,646.582995344063,84.9195667153147,0,0,"Bull Run Reservoir Number One"
"461","467780",2014,2538.59011379785,422.048803575734,584.95314462245,93.6787737764444,0,0,"Bull Run Reservoir Number One"
"462","467780",2015,1511.0064926284,257.424945042382,418.989123884632,68.4208446123564,0,0,"Bull Run Reservoir Number One"
"463","336493",2001,10121.5206005662,456.028374036741,932.083279548063,56.2643081394286,0,0,"Pactola Reservoir"
"464","336493",2002,8756.65570760758,406.015989559744,703.471737242866,65.0761044591736,0,0,"Pactola Reservoir"
"465","336493",2003,7406.9356679197,421.716532364648,523.484637122633,130.726712034596,0,0,"Pactola Reservoir"
"466","336493",2004,5635.71381847727,158.619539323568,305.658507186565,14.8449296632512,0,0,"Pactola Reservoir"
"467","336493",2005,4710.32598409676,117.413518271291,227.495822746892,11.0163785020634,0,0,"Pactola Reservoir"
"468","336493",2006,5325.37001489637,138.596033932047,232.855698751116,12.266225734885,0,0,"Pactola Reservoir"
"469","336493",2007,4651.97684354825,107.017249132455,200.017360563682,10.2570112726303,0,0,"Pactola Reservoir"
"470","336493",2008,4974.83506977363,110.139693153209,217.819780200933,10.7521467026741,0,0,"Pactola Reservoir"
"471","336493",2009,7367.41364328289,195.806786722472,319.666287499699,17.9894289814046,0,0,"Pactola Reservoir"
"472","336493",2010,10469.3134245649,421.848905765551,525.585958075154,128.113933381987,0,0,"Pactola Reservoir"
"473","336493",2011,15462.9544836749,690.06539554752,888.074095978443,158.641069264794,0,0,"Pactola Reservoir"
"474","336493",2012,11905.8549418473,266.610022680491,652.655280757719,27.4852452622725,0,0,"Pactola Reservoir"
"475","336493",2013,9312.06603937339,169.958250122288,557.59395806747,17.884401947774,0,0,"Pactola Reservoir"
"476","336493",2014,11918.0856497131,244.778721767664,779.205699757321,28.1300311535983,0,0,"Pactola Reservoir"
"477","336493",2015,15515.9868429744,390.222391679174,1131.06085884843,58.9521495710358,0,0,"Pactola Reservoir"
"478","341691",2001,128186.492643331,12924.4397851961,34707.4070428093,6810.61443285486,0,1.11022302462516e-16,NA
"479","341691",2002,7169.01637313797,500.374668957411,861.734444938423,165.660171074338,0,1.11022302462516e-16,NA
"480","341691",2003,11705.2424438546,978.822892640309,2039.16749223686,339.171504810703,0,1.11022302462516e-16,NA
"481","341691",2004,65244.8812642772,5538.12641976222,18753.5490664144,2613.28500989594,0,1.11022302462516e-16,NA
"482","341691",2005,4657.36861932601,283.415541847991,563.798843967906,75.2150015575808,0,1.11022302462516e-16,NA
"483","341691",2006,21124.1426394213,1746.2623874755,3634.11744639156,490.426366836116,0,1.11022302462516e-16,NA
"484","341691",2007,7482.1424789295,572.305711437932,1036.51317667691,139.354335895198,0,1.11022302462516e-16,NA
"485","341691",2008,2449.07084230658,178.899960557192,317.212800663094,42.457257796252,0,1.11022302462516e-16,NA
"486","341691",2009,306165.640992082,25006.4617602813,117547.683796872,13194.9915427327,0,1.11022302462516e-16,NA
"487","341691",2010,68052.11566428,4797.24630888594,14427.517745992,1457.30351122085,0,1.11022302462516e-16,NA
"488","341691",2011,246439.457872896,17227.0258109539,73150.1190626007,7002.36570997721,0,1.11022302462516e-16,NA
"489","341691",2012,17822.624506424,807.703539632958,2302.28751516156,223.92717002978,0,1.11022302462516e-16,NA
"490","341691",2013,57735.8601192107,2950.75656762868,13941.0609542073,1124.60533392944,0,1.11022302462516e-16,NA
"491","341691",2014,229822.922656342,11010.9339487239,57213.9419832829,4402.04892090556,0,1.11022302462516e-16,NA
"492","341691",2015,61783.5767388464,2699.10657581673,10297.255086171,911.940633382023,0,1.11022302462516e-16,NA
"493","472271",2001,94139.2082826879,14864.2056958848,4054.46134340861,4126.80794741076,0,0,"Lake Washington"
"494","472271",2002,217995.7734497,37268.7248635396,9312.16865314389,7892.9923827423,0,0,"Lake Washington"
"495","472271",2003,129286.507014887,14911.9024556329,5277.87775117598,2220.83588285823,0,0,"Lake Washington"
"496","472271",2004,155114.936015597,16111.0989272217,6418.25395553142,1847.95419754288,0,0,"Lake Washington"
"497","472271",2005,129165.93366233,11198.588045916,5462.3318354609,989.024279080732,0,0,"Lake Washington"
"498","472271",2006,204214.981305574,21274.4102727512,9459.74884766211,2357.29363682076,0,0,"Lake Washington"
"499","472271",2007,227718.314168184,26482.8907507772,11426.8657605291,3821.07005788513,0,0,"Lake Washington"
"500","472271",2008,170985.903796559,11013.4768961613,7779.33270862576,890.671897914258,0,0,"Lake Washington"
"501","472271",2009,199807.255127903,21349.1062475253,10309.015071179,4364.28647947228,0,0,"Lake Washington"
"502","472271",2010,149756.307060519,7475.52096724413,6619.39758276673,514.364881582223,0,0,"Lake Washington"
"503","472271",2011,279127.850426632,21356.573797505,13891.1478380906,2946.4169344806,0,0,"Lake Washington"
"504","472271",2012,228088.820766628,11374.3387113493,9972.84983199999,933.466051941741,0,0,"Lake Washington"
"505","472271",2013,202057.381356205,9215.35095156781,8676.85002839925,928.551748288166,0,0,"Lake Washington"
"506","472271",2014,225410.597147027,11342.8433375103,9937.5530961512,1723.21874416822,0,0,"Lake Washington"
"507","472271",2015,182915.930132011,8486.44153779978,7893.22835735016,1623.9831926125,0,0,"Lake Washington"
"508","470712",2001,102004.372844789,172.532073742713,3958.95645392276,NA,0,0,"Capitol lake"
"509","470712",2002,255552.792522151,2211.90733287967,11304.9296490506,3565.73859955894,0,0,"Capitol lake"
"510","470712",2003,184964.37945152,2046.27857738826,6371.9563311847,1894.88190605954,0,0,"Capitol lake"
"511","470712",2004,205066.000063767,2990.70645240123,6387.78305589741,1758.37970920836,0,0,"Capitol lake"
"512","470712",2005,187793.951230511,4210.52675918816,6403.88210452283,1580.32681941679,0,0,"Capitol lake"
"513","470712",2006,312862.313031745,19557.5612050311,14676.4111961239,5837.81951301355,0,0,"Capitol lake"
"514","470712",2007,349522.819930761,25244.7271258897,15186.039990617,4812.91105124977,0,0,"Capitol lake"
"515","470712",2008,279048.867115069,23989.787613718,10325.0323460542,5556.08024104473,0,0,"Capitol lake"
"516","470712",2009,240717.086975943,33431.0724093502,10836.7538293837,10184.4719060202,0,0,"Capitol lake"
"517","470712",2010,275658.759488851,14550.3670856098,8521.72745722886,1019.67408552951,0,0,"Capitol lake"
"518","470712",2011,339643.677309869,25133.0846216653,13641.673517332,2432.49062981168,0,0,"Capitol lake"
"519","470712",2012,297036.233243031,22259.0433829586,14214.444821691,2684.39705607685,0,0,"Capitol lake"
"520","470712",2013,259082.648311518,17261.8132556456,14345.9814724502,2557.27227546809,0,0,"Capitol lake"
"521","470712",2014,265047.049638035,17753.8056652262,19917.4978984715,4365.60750133683,0,0,"Capitol lake"
"522","470712",2015,193035.715297743,6776.55038166569,15790.2664529002,2178.3662456302,0,0,"Capitol lake"
"523","470039",2001,1013238.97783924,100759.885520246,35985.3979024432,27944.3743975917,0,0,NA
"524","470039",2002,4268329.96818369,1868473.95977353,180371.687998483,694263.311608526,0,0,NA
"525","470039",2003,2400561.07482476,474579.334461509,71444.6848667844,127597.735248208,0,0,NA
"526","470039",2004,2497584.77338308,479047.546617584,72211.2999953229,115272.321080108,0,0,NA
"527","470039",2005,1900153.29194628,271171.544482474,56056.2671514016,56850.7854556527,0,0,NA
"528","470039",2006,3395617.10619352,936724.885159827,140141.031677439,271674.822805036,0,0,NA
"529","470039",2007,3525182.40127577,917281.243626388,129520.442094102,211219.324476144,0,0,NA
"530","470039",2008,2837172.98627362,712669.59858514,102844.509186433,222546.114944848,0,0,NA
"531","470039",2009,2145120.00362354,434979.296650848,79288.1929152419,124165.160019568,0,0,NA
"532","470039",2010,2416436.01816053,340724.238348655,71679.9974007732,49686.1396654418,0,0,NA
"533","470039",2011,3006643.65297482,474133.52417701,107405.176442366,79182.9776411238,0,0,NA
"534","470039",2012,2399165.46001644,348867.715220671,100281.732927222,61388.9309411258,0,0,NA
"535","470039",2013,2232712.96121506,380644.789583834,109219.034514911,72759.3594393376,0,0,NA
"536","470039",2014,1787799.66410488,252932.354835126,111477.226171987,54420.4730196756,0,0,NA
"537","470039",2015,1332757.02945156,163293.040569736,97822.8574009504,33821.2032921038,0,0,NA
"538","460768",2001,9898.18960648333,623.378079732064,817.92923566005,63.0822678893041,0,0,"Potholes Reservoir"
"539","460768",2002,9467.18588312954,589.263682650106,706.5667476152,54.5526092802342,0,0,"Potholes Reservoir"
"540","460768",2003,10230.1603989556,590.801279489604,733.895823176416,49.6759294819293,0,0,"Potholes Reservoir"
"541","460768",2004,9908.19323890996,541.329740615122,713.209830457239,40.5871829408863,0,0,"Potholes Reservoir"
"542","460768",2005,10793.1162025766,580.543256393058,738.079074178811,40.0458702248988,0,0,"Potholes Reservoir"
"543","460768",2006,12830.5734290526,678.760626549702,877.395265048005,46.013260744694,0,0,"Potholes Reservoir"
"544","460768",2007,17978.3342850661,863.448444897631,1593.0597059032,62.8097117326948,0,0,"Potholes Reservoir"
"545","460768",2008,12915.4921209259,629.785718769792,855.541033691822,41.6136870776581,0,0,"Potholes Reservoir"
"546","460768",2009,12413.3660245185,586.040464905678,840.03167861343,39.4630541468613,0,0,"Potholes Reservoir"
"547","460768",2010,10885.0184105513,457.775235518113,781.811382115096,29.3386055234812,0,0,"Potholes Reservoir"
"548","460768",2011,12737.2183442919,537.355150823814,861.654434060682,39.1023485351466,0,0,"Potholes Reservoir"
"549","460768",2012,10613.2048592373,407.449387257442,751.731691828724,32.4256321457274,0,0,"Potholes Reservoir"
"550","460768",2013,14195.0023042539,569.386054045782,972.056979862707,52.8429447132248,0,0,"Potholes Reservoir"
"551","460768",2014,13385.561360587,510.361871667737,890.702039903117,51.2768860727383,0,0,"Potholes Reservoir"
"552","460768",2015,14811.0512035782,549.841241084348,1052.0775571558,60.8904123006608,0,0,"Potholes Reservoir"
"553","462322",2001,9709.19471992368,1036.31175511653,1107.73503298083,228.942784229169,0,3.86357612569554e-13,"Black Lake"
"554","462322",2002,9058.77026307791,844.223989552364,874.862579079722,138.094125213163,0,3.86357612569554e-13,"Black Lake"
"555","462322",2003,9511.34377815552,815.641698729531,854.683318801793,121.25934551358,0,3.86357612569554e-13,"Black Lake"
"556","462322",2004,9058.29393337239,735.916795098628,774.780539801093,107.532188197171,0,3.86357612569554e-13,"Black Lake"
"557","462322",2005,9802.85304763538,774.264614342958,772.139353780738,106.138209042371,0,3.86357612569554e-13,"Black Lake"
"558","462322",2006,11512.471479781,883.194078418413,917.186674840591,126.352904538813,0,3.86357612569554e-13,"Black Lake"
"559","462322",2007,15302.8559868157,1067.39808794686,1625.9421975376,204.258078755318,0,3.86357612569554e-13,"Black Lake"
"560","462322",2008,11082.1227149013,848.283110729465,830.295499113168,123.468591064494,0,3.86357612569554e-13,"Black Lake"
"561","462322",2009,10527.8799704016,846.783462152926,815.776234931603,119.676039028486,0,3.86357612569554e-13,"Black Lake"
"562","462322",2010,9029.02456648838,826.28677815046,767.37447134309,125.001145816289,0,3.86357612569554e-13,"Black Lake"
"563","462322",2011,10451.9567053358,1038.56995497749,871.399200043213,142.366140858342,0,3.86357612569554e-13,"Black Lake"
"564","462322",2012,8411.12296600855,916.910162933391,774.059889193822,143.519510559061,0,3.86357612569554e-13,"Black Lake"
"565","462322",2013,11226.7963046299,1354.74660661386,1052.29280809154,243.317838779372,0,3.86357612569554e-13,"Black Lake"
"566","462322",2014,10393.5687388563,1489.64921611934,1010.09603967402,298.699432711926,0,3.86357612569554e-13,"Black Lake"
"567","462322",2015,11371.8118434326,1923.36766719742,1228.15020695644,499.641869199783,0,3.86357612569554e-13,"Black Lake"
"568","461718",2001,31631.4215441873,948.950859169736,8792.11682972203,207.630593630244,4.44089209850063e-16,3.33066907387547e-16,"Moses Lake"
"569","461718",2002,27414.72043439,858.860938949289,6684.60333006084,167.999018375141,4.44089209850063e-16,3.33066907387547e-16,"Moses Lake"
"570","461718",2003,33770.9204372343,997.669548650881,7947.85326139977,189.381346551147,4.44089209850063e-16,3.33066907387547e-16,"Moses Lake"
"571","461718",2004,31021.0620315262,954.111572515198,7309.27759822932,182.774132122347,4.44089209850063e-16,3.33066907387547e-16,"Moses Lake"
"572","461718",2005,35638.5130236937,1058.67535432443,7983.55822878768,190.839982568887,4.44089209850063e-16,3.33066907387547e-16,"Moses Lake"
"573","461718",2006,52379.6511863694,1309.09666266184,11351.9738578638,224.61013718931,4.44089209850063e-16,3.33066907387547e-16,"Moses Lake"
"574","461718",2007,146239.374409639,2046.1351076399,50379.3936031894,488.280836150954,4.44089209850063e-16,3.33066907387547e-16,"Moses Lake"
"575","461718",2008,55371.0030936268,1302.78453578615,11478.6814967779,221.925296357541,4.44089209850063e-16,3.33066907387547e-16,"Moses Lake"
"576","461718",2009,51364.3840802114,1215.17197599487,11014.3116951883,205.084071484325,4.44089209850063e-16,3.33066907387547e-16,"Moses Lake"
"577","461718",2010,39079.877990724,1114.85723611283,9042.67684698299,207.840471120788,4.44089209850063e-16,3.33066907387547e-16,"Moses Lake"
"578","461718",2011,52533.3963461428,1329.35531434201,11369.4578507415,226.586342441541,4.44089209850063e-16,3.33066907387547e-16,"Moses Lake"
"579","461718",2012,38760.1748687552,1040.97151396184,8699.48222566073,187.26485154522,4.44089209850063e-16,3.33066907387547e-16,"Moses Lake"
"580","461718",2013,68033.0478758893,1421.44436863159,14407.0353182415,256.475177835032,4.44089209850063e-16,3.33066907387547e-16,"Moses Lake"
"581","461718",2014,59650.5849853629,1328.04424370582,12310.164926572,230.243566112572,4.44089209850063e-16,3.33066907387547e-16,"Moses Lake"
"582","461718",2015,74238.0707692777,1484.60890256707,16455.3893380468,279.898992958592,4.44089209850063e-16,3.33066907387547e-16,"Moses Lake"
